{"textures":{"1":"modelengine:entity/katana_cover","particle":"#1"},"elements":[{"from":[7.641199,8.434101,-3.4453106],"to":[8.371199,10.624102,25.754688],"faces":{"east":{"uv":[0.016,1.016,9.984,1.75],"tintindex":0,"rotation":0,"texture":"#1"},"south":{"uv":[1.016,3.016,1.25,3.75],"tintindex":0,"rotation":0,"texture":"#1"},"north":{"uv":[1.516,3.016,1.75,3.75],"tintindex":0,"rotation":0,"texture":"#1"},"west":{"uv":[9.984,1.016,0.016,1.75],"tintindex":0,"rotation":0,"texture":"#1"},"up":{"uv":[0.25,11.984,0.016,2.016],"tintindex":0,"rotation":180,"texture":"#1"},"down":{"uv":[0.75,2.016,0.516,11.984],"tintindex":0,"rotation":180,"texture":"#1"}},"rotation":{"origin":[18.217154,12.408606,4.7487683],"angle":22.5,"axis":"x"}},{"from":[7.663727,9.267595,25.375145],"to":[8.328939,10.128996,26.451895],"faces":{"east":{"uv":[3.016,3.516,3.25,3.75],"tintindex":0,"rotation":0,"texture":"#1"},"south":{"uv":[3.516,2.016,3.75,2.25],"tintindex":0,"rotation":0,"texture":"#1"},"north":{"uv":[3.516,2.516,3.75,2.75],"tintindex":0,"rotation":0,"texture":"#1"},"west":{"uv":[2.516,3.516,2.75,3.75],"tintindex":0,"rotation":0,"texture":"#1"},"up":{"uv":[3.75,3.25,3.516,3.016],"tintindex":0,"rotation":180,"texture":"#1"},"down":{"uv":[3.75,3.516,3.516,3.75],"tintindex":0,"rotation":180,"texture":"#1"}},"rotation":{"origin":[18.217154,12.408606,4.7487683],"angle":22.5,"axis":"x"}},{"from":[7.6491866,10.128996,25.375145],"to":[8.341518,10.61355,26.7211],"faces":{"east":{"uv":[3.016,2.016,3.484,2.25],"tintindex":0,"rotation":0,"texture":"#1"},"south":{"uv":[1.016,4.016,1.25,4.25],"tintindex":0,"rotation":0,"texture":"#1"},"north":{"uv":[1.516,4.016,1.75,4.25],"tintindex":0,"rotation":0,"texture":"#1"},"west":{"uv":[2.016,3.016,2.484,3.25],"tintindex":0,"rotation":0,"texture":"#1"},"up":{"uv":[2.75,3.484,2.516,3.016],"tintindex":0,"rotation":180,"texture":"#1"},"down":{"uv":[3.25,2.516,3.016,2.984],"tintindex":0,"rotation":180,"texture":"#1"}},"rotation":{"origin":[18.217154,12.408606,4.7487683],"angle":22.5,"axis":"x"}},{"from":[7.6311755,-5.2639294,16.810335],"to":[8.3730545,-4.4025297,19.04459],"faces":{"east":{"uv":[2.516,2.016,2.75,2.75],"tintindex":0,"rotation":270,"texture":"#1"},"south":{"uv":[3.25,3.25,3.016,3.016],"tintindex":0,"rotation":180,"texture":"#1"},"north":{"uv":[2.25,3.516,2.016,3.75],"tintindex":0,"rotation":0,"texture":"#1"},"west":{"uv":[1.516,2.016,1.75,2.75],"tintindex":0,"rotation":90,"texture":"#1"},"up":{"uv":[2.016,2.016,2.25,2.75],"tintindex":0,"rotation":180,"texture":"#1"},"down":{"uv":[1.016,2.016,1.25,2.75],"tintindex":0,"rotation":0,"texture":"#1"}},"rotation":{"origin":[18.217154,12.408606,4.7487683],"angle":-22.5,"axis":"x"}}],"display":{"gui":{"rotation":[-150.0,-45.0,180.0]}}}