{"textures":{"2":"modelengine:entity/panda_samurai","particle":"#2"},"elements":[{"from":[12.078571,-5.256691,4.4425173],"to":[14.268572,-0.8766899,11.560017],"faces":{"east":{"uv":[7.375,5.75,6.75,6.125],"tintindex":0,"rotation":0,"texture":"#2"},"south":{"uv":[7.8125,7.375,7.625,7.75],"tintindex":0,"rotation":0,"texture":"#2"},"north":{"uv":[6.8125,7.625,6.625,7.984],"tintindex":0,"rotation":0,"texture":"#2"},"west":{"uv":[7.375,4.875,6.75,5.25],"tintindex":0,"rotation":0,"texture":"#2"},"up":{"uv":[7.375,7.984,7.5625,7.375],"tintindex":0,"rotation":0,"texture":"#2"},"down":{"uv":[0.375,7.516,0.5625,8.125],"tintindex":0,"rotation":0,"texture":"#2"}},"rotation":{"origin":[2.9472017,2.27281,6.276367],"angle":22.5,"axis":"z"}},{"from":[12.443571,-2.336691,4.3512673],"to":[14.633572,2.0433102,11.651268],"faces":{"east":{"uv":[3.125,6.75,2.516,7.125],"tintindex":0,"rotation":0,"texture":"#2"},"south":{"uv":[6.5625,7.625,6.375,7.984],"tintindex":0,"rotation":0,"texture":"#2"},"north":{"uv":[7.8125,6.125,7.625,6.484],"tintindex":0,"rotation":0,"texture":"#2"},"west":{"uv":[7.375,2.25,6.75,2.625],"tintindex":0,"rotation":0,"texture":"#2"},"up":{"uv":[6.875,7.984,7.0625,7.375],"tintindex":0,"rotation":0,"texture":"#2"},"down":{"uv":[7.125,7.375,7.3125,7.984],"tintindex":0,"rotation":0,"texture":"#2"}},"rotation":{"origin":[2.9472017,2.27281,6.276367],"angle":22.5,"axis":"z"}},{"from":[7.2919083,4.941677,4.7162676],"to":[12.766909,9.321678,11.286267],"faces":{"east":{"uv":[7.4375,5.25,6.875,5.625],"tintindex":0,"rotation":0,"texture":"#2"},"south":{"uv":[2.875,7.125,2.375,7.484],"tintindex":0,"rotation":0,"texture":"#2"},"north":{"uv":[7.625,1.375,7.125,1.75],"tintindex":0,"rotation":0,"texture":"#2"},"west":{"uv":[5.8125,6.875,5.25,7.25],"tintindex":0,"rotation":0,"texture":"#2"},"up":{"uv":[1.516,6.8125,1.984,6.25],"tintindex":0,"rotation":0,"texture":"#2"},"down":{"uv":[2.016,6.25,2.484,6.8125],"tintindex":0,"rotation":0,"texture":"#2"}}},{"from":[6.9230895,-0.16908264,5.0812674],"to":[12.76309,8.590916,10.9212675],"faces":{"east":{"uv":[0.484,5.125,0.016,5.875],"tintindex":0,"rotation":0,"texture":"#2"},"south":{"uv":[5.25,5.016,4.75,5.75],"tintindex":0,"rotation":0,"texture":"#2"},"north":{"uv":[5.484,0.375,5.016,1.125],"tintindex":0,"rotation":0,"texture":"#2"},"west":{"uv":[4.75,5.016,4.25,5.75],"tintindex":0,"rotation":0,"texture":"#2"},"up":{"uv":[6.25,5.375,6.75,4.875],"tintindex":0,"rotation":0,"texture":"#2"},"down":{"uv":[6.25,5.75,6.75,6.25],"tintindex":0,"rotation":0,"texture":"#2"}}},{"from":[12.808571,0.5833092,4.2600174],"to":[14.998571,4.9633102,11.719705],"faces":{"east":{"uv":[7.25,1.875,6.625,2.25],"tintindex":0,"rotation":0,"texture":"#2"},"south":{"uv":[6.3125,7.625,6.125,7.984],"tintindex":0,"rotation":0,"texture":"#2"},"north":{"uv":[6.0625,7.625,5.875,7.984],"tintindex":0,"rotation":0,"texture":"#2"},"west":{"uv":[7.25,0.016,6.625,0.375],"tintindex":0,"rotation":0,"texture":"#2"},"up":{"uv":[5.375,7.984,5.5625,7.375],"tintindex":0,"rotation":0,"texture":"#2"},"down":{"uv":[5.625,7.375,5.8125,7.984],"tintindex":0,"rotation":0,"texture":"#2"}},"rotation":{"origin":[2.9472017,2.27281,6.276367],"angle":22.5,"axis":"z"}},{"from":[8.021908,6.401676,4.3512673],"to":[10.941908,9.686676,11.651268],"faces":{"east":{"uv":[7.75,1.016,7.125,1.3125],"tintindex":0,"rotation":0,"texture":"#2"},"south":{"uv":[7.875,3.125,7.625,3.4375],"tintindex":0,"rotation":0,"texture":"#2"},"north":{"uv":[6.25,6.375,6.016,6.6875],"tintindex":0,"rotation":0,"texture":"#2"},"west":{"uv":[7.75,0.625,7.125,0.9375],"tintindex":0,"rotation":0,"texture":"#2"},"up":{"uv":[1.016,2.625,1.25,2.016],"tintindex":0,"rotation":0,"texture":"#2"},"down":{"uv":[6.625,7.016,6.875,7.625],"tintindex":0,"rotation":0,"texture":"#2"}}}],"display":{"gui":{"rotation":[-150.0,-45.0,180.0]}}}