{"textures":{"2":"modelengine:entity/panda_samurai","particle":"#2"},"elements":[{"from":[5.08,0.91359425,5.7491665],"to":[10.92,8.2135935,11.589167],"faces":{"east":{"uv":[6.375,3.516,5.875,4.125],"tintindex":0,"rotation":0,"texture":"#2"},"south":{"uv":[3.984,5.875,3.516,6.484],"tintindex":0,"rotation":0,"texture":"#2"},"north":{"uv":[0.484,5.875,0.016,6.484],"tintindex":0,"rotation":0,"texture":"#2"},"west":{"uv":[6.375,2.875,5.875,3.484],"tintindex":0,"rotation":0,"texture":"#2"},"up":{"uv":[0.016,6.984,0.484,6.516],"tintindex":0,"rotation":0,"texture":"#2"},"down":{"uv":[3.125,6.516,3.625,6.984],"tintindex":0,"rotation":0,"texture":"#2"}}},{"from":[4.715,0.98203135,5.3841667],"to":[11.285,7.483594,9.399166],"faces":{"east":{"uv":[2.375,6.875,2.016,7.4375],"tintindex":0,"rotation":0,"texture":"#2"},"south":{"uv":[6.0625,1.125,5.516,1.6875],"tintindex":0,"rotation":0,"texture":"#2"},"north":{"uv":[4.0625,5.25,3.516,5.8125],"tintindex":0,"rotation":0,"texture":"#2"},"west":{"uv":[3.984,6.516,3.625,7.0625],"tintindex":0,"rotation":0,"texture":"#2"},"up":{"uv":[4.016,7.25,4.5625,6.875],"tintindex":0,"rotation":0,"texture":"#2"},"down":{"uv":[4.625,6.875,5.1875,7.25],"tintindex":0,"rotation":0,"texture":"#2"}}}],"display":{"gui":{"rotation":[-150.0,-45.0,180.0]}}}