{"textures":{"2":"modelengine:entity/panda_samurai","particle":"#2"},"elements":[{"from":[2.8141627,7.2049236,2.7529154],"to":[4.2741623,11.584925,13.337915],"faces":{"east":{"uv":[2.516,5.25,3.4375,5.625],"tintindex":0,"rotation":0,"texture":"#2"},"south":{"uv":[4.016,7.75,4.125,8.125],"tintindex":0,"rotation":0,"texture":"#2"},"north":{"uv":[3.875,7.75,3.984,8.125],"tintindex":0,"rotation":0,"texture":"#2"},"west":{"uv":[5.25,5.016,6.1875,5.375],"tintindex":0,"rotation":0,"texture":"#2"},"up":{"uv":[0.875,8.4375,0.75,7.516],"tintindex":0,"rotation":0,"texture":"#2"},"down":{"uv":[0.984,7.516,0.875,8.4375],"tintindex":0,"rotation":0,"texture":"#2"}},"rotation":{"origin":[10.330731,17.324635,5.60211],"angle":-22.5,"axis":"z"}},{"from":[1.8966193,7.5827427,2.94701],"to":[13.576619,14.882742,13.16701],"faces":{"east":{"uv":[2.75,4.625,1.875,5.25],"tintindex":0,"rotation":0,"texture":"#2"},"south":{"uv":[1.875,3.25,0.875,3.875],"tintindex":0,"rotation":0,"texture":"#2"},"north":{"uv":[4.25,0.75,3.25,1.375],"tintindex":0,"rotation":0,"texture":"#2"},"west":{"uv":[5.484,1.25,4.625,1.875],"tintindex":0,"rotation":0,"texture":"#2"},"up":{"uv":[1.25,2.625,2.25,1.75],"tintindex":0,"rotation":0,"texture":"#2"},"down":{"uv":[0.016,2.016,0.984,2.875],"tintindex":0,"rotation":0,"texture":"#2"}}},{"from":[1.5544319,4.872139,9.542769],"to":[13.873182,9.252138,11.002769],"faces":{"east":{"uv":[2.375,7.75,2.484,8.125],"tintindex":0,"rotation":0,"texture":"#2"},"south":{"uv":[4.75,0.016,5.8125,0.375],"tintindex":0,"rotation":0,"texture":"#2"},"north":{"uv":[4.75,2.875,5.8125,3.25],"tintindex":0,"rotation":0,"texture":"#2"},"west":{"uv":[2.25,7.75,2.375,8.125],"tintindex":0,"rotation":0,"texture":"#2"},"up":{"uv":[7.25,0.25,8.3125,0.375],"tintindex":0,"rotation":0,"texture":"#2"},"down":{"uv":[4.625,7.375,5.6875,7.25],"tintindex":0,"rotation":0,"texture":"#2"}},"rotation":{"origin":[10.330731,17.324635,5.60211],"angle":-22.5,"axis":"x"}},{"from":[1.5316191,9.671038,4.0759516],"to":[13.94162,14.051039,5.5359516],"faces":{"east":{"uv":[2.25,7.75,2.125,8.125],"tintindex":0,"rotation":0,"texture":"#2"},"south":{"uv":[5.3125,4.625,4.25,4.984],"tintindex":0,"rotation":0,"texture":"#2"},"north":{"uv":[5.6875,1.875,4.625,2.25],"tintindex":0,"rotation":0,"texture":"#2"},"west":{"uv":[2.125,7.75,2.016,8.125],"tintindex":0,"rotation":0,"texture":"#2"},"up":{"uv":[6.875,5.75,7.9375,5.625],"tintindex":0,"rotation":0,"texture":"#2"},"down":{"uv":[7.016,4.75,8.0625,4.875],"tintindex":0,"rotation":0,"texture":"#2"}},"rotation":{"origin":[10.330731,17.324635,5.60211],"angle":22.5,"axis":"x"}},{"from":[0.43661928,14.791492,2.21701],"to":[15.036619,16.981491,13.89701],"faces":{"east":{"uv":[8.25,0.016,7.25,0.1875],"tintindex":0,"rotation":0,"texture":"#2"},"south":{"uv":[7.984,2.625,6.75,2.8125],"tintindex":0,"rotation":0,"texture":"#2"},"north":{"uv":[7.625,3.875,6.375,4.0625],"tintindex":0,"rotation":0,"texture":"#2"},"west":{"uv":[7.875,3.625,6.875,3.8125],"tintindex":0,"rotation":0,"texture":"#2"},"up":{"uv":[0.016,0.984,1.25,0.016],"tintindex":0,"rotation":0,"texture":"#2"},"down":{"uv":[0.016,1.016,1.25,1.984],"tintindex":0,"rotation":0,"texture":"#2"}}},{"from":[11.594006,9.190371,2.7529154],"to":[13.054007,13.570372,13.337915],"faces":{"east":{"uv":[6.1875,5.016,5.25,5.375],"tintindex":0,"rotation":0,"texture":"#2"},"south":{"uv":[4.125,7.75,4.016,8.125],"tintindex":0,"rotation":0,"texture":"#2"},"north":{"uv":[3.984,7.75,3.875,8.125],"tintindex":0,"rotation":0,"texture":"#2"},"west":{"uv":[3.4375,5.25,2.516,5.625],"tintindex":0,"rotation":0,"texture":"#2"},"up":{"uv":[0.75,8.4375,0.875,7.516],"tintindex":0,"rotation":0,"texture":"#2"},"down":{"uv":[0.875,7.516,0.984,8.4375],"tintindex":0,"rotation":0,"texture":"#2"}},"rotation":{"origin":[10.330731,17.324635,5.60211],"angle":22.5,"axis":"z"}},{"from":[3.5441628,4.2849236,2.8441653],"to":[5.004163,8.664925,13.269478],"faces":{"east":{"uv":[0.516,5.25,1.4375,5.625],"tintindex":0,"rotation":0,"texture":"#2"},"south":{"uv":[3.75,7.75,3.875,8.125],"tintindex":0,"rotation":0,"texture":"#2"},"north":{"uv":[3.625,7.75,3.75,8.125],"tintindex":0,"rotation":0,"texture":"#2"},"west":{"uv":[1.516,5.25,2.4375,5.625],"tintindex":0,"rotation":0,"texture":"#2"},"up":{"uv":[1.984,8.1875,1.875,7.25],"tintindex":0,"rotation":0,"texture":"#2"},"down":{"uv":[0.75,7.516,0.625,8.4375],"tintindex":0,"rotation":0,"texture":"#2"}},"rotation":{"origin":[10.330731,17.324635,5.60211],"angle":-22.5,"axis":"z"}},{"from":[1.5772443,6.7510376,4.8059516],"to":[13.895994,11.131039,6.2659516],"faces":{"east":{"uv":[2.484,7.75,2.375,8.125],"tintindex":0,"rotation":0,"texture":"#2"},"south":{"uv":[5.8125,2.875,4.75,3.25],"tintindex":0,"rotation":0,"texture":"#2"},"north":{"uv":[5.8125,0.016,4.75,0.375],"tintindex":0,"rotation":0,"texture":"#2"},"west":{"uv":[2.375,7.75,2.25,8.125],"tintindex":0,"rotation":0,"texture":"#2"},"up":{"uv":[7.25,0.375,8.3125,0.25],"tintindex":0,"rotation":0,"texture":"#2"},"down":{"uv":[4.625,7.25,5.6875,7.375],"tintindex":0,"rotation":0,"texture":"#2"}},"rotation":{"origin":[10.330731,17.324635,5.60211],"angle":22.5,"axis":"x"}},{"from":[10.864006,6.2703705,2.8441653],"to":[12.324006,10.650372,13.269478],"faces":{"east":{"uv":[2.4375,5.25,1.516,5.625],"tintindex":0,"rotation":0,"texture":"#2"},"south":{"uv":[3.875,7.75,3.75,8.125],"tintindex":0,"rotation":0,"texture":"#2"},"north":{"uv":[3.75,7.75,3.625,8.125],"tintindex":0,"rotation":0,"texture":"#2"},"west":{"uv":[1.4375,5.25,0.516,5.625],"tintindex":0,"rotation":0,"texture":"#2"},"up":{"uv":[1.875,8.1875,1.984,7.25],"tintindex":0,"rotation":0,"texture":"#2"},"down":{"uv":[0.625,7.516,0.75,8.4375],"tintindex":0,"rotation":0,"texture":"#2"}},"rotation":{"origin":[10.330731,17.324635,5.60211],"angle":22.5,"axis":"z"}},{"from":[1.5316191,7.792139,10.27277],"to":[13.94162,12.172138,11.732769],"faces":{"east":{"uv":[2.125,7.75,2.25,8.125],"tintindex":0,"rotation":0,"texture":"#2"},"south":{"uv":[4.625,1.875,5.6875,2.25],"tintindex":0,"rotation":0,"texture":"#2"},"north":{"uv":[4.25,4.625,5.3125,4.984],"tintindex":0,"rotation":0,"texture":"#2"},"west":{"uv":[2.016,7.75,2.125,8.125],"tintindex":0,"rotation":0,"texture":"#2"},"up":{"uv":[6.875,5.625,7.9375,5.75],"tintindex":0,"rotation":0,"texture":"#2"},"down":{"uv":[7.016,4.875,8.0625,4.75],"tintindex":0,"rotation":0,"texture":"#2"}},"rotation":{"origin":[10.330731,17.324635,5.60211],"angle":-22.5,"axis":"x"}}],"display":{"gui":{"rotation":[-150.0,-45.0,180.0]}}}