{"textures":{"0":"modelengine:entity/dojo_guardian","particle":"#0"},"elements":[{"from":[9.166625,6.0809317,-8.631054],"to":[9.425875,6.599432,-8.371805],"faces":{"east":{"uv":[0.0075,11.3825,0.1175,11.4925],"tintindex":0,"rotation":0,"texture":"#0"},"south":{"uv":[11.3825,0.0075,11.4925,0.1175],"tintindex":0,"rotation":0,"texture":"#0"},"north":{"uv":[11.2575,11.2575,11.3675,11.3675],"tintindex":0,"rotation":0,"texture":"#0"},"west":{"uv":[0.1325,11.3825,0.2425,11.4925],"tintindex":0,"rotation":0,"texture":"#0"},"up":{"uv":[11.4925,0.2425,11.3825,0.1325],"tintindex":0,"rotation":0,"texture":"#0"},"down":{"uv":[0.3675,11.3825,0.2575,11.4925],"tintindex":0,"rotation":0,"texture":"#0"}}},{"from":[9.166625,6.3401814,-10.47821],"to":[9.425875,6.8586817,-10.218962],"faces":{"east":{"uv":[0.3825,11.3825,0.4925,11.4925],"tintindex":0,"rotation":0,"texture":"#0"},"south":{"uv":[11.3825,0.3825,11.4925,0.4925],"tintindex":0,"rotation":0,"texture":"#0"},"north":{"uv":[11.3825,0.2575,11.4925,0.3675],"tintindex":0,"rotation":0,"texture":"#0"},"west":{"uv":[0.5075,11.3825,0.6175,11.4925],"tintindex":0,"rotation":0,"texture":"#0"},"up":{"uv":[0.7425,11.4925,0.6325,11.3825],"tintindex":0,"rotation":0,"texture":"#0"},"down":{"uv":[0.8675,11.3825,0.7575,11.4925],"tintindex":0,"rotation":0,"texture":"#0"}}},{"from":[6.493109,6.8586817,-10.47821],"to":[7.011609,7.377182,-9.959711],"faces":{"east":{"uv":[1.2425,11.3825,1.1325,11.4925],"tintindex":0,"rotation":0,"texture":"#0"},"south":{"uv":[11.4925,1.0075,11.3825,1.1175],"tintindex":0,"rotation":0,"texture":"#0"},"north":{"uv":[0.9925,11.3825,0.8825,11.4925],"tintindex":0,"rotation":0,"texture":"#0"},"west":{"uv":[1.1175,11.3825,1.0075,11.4925],"tintindex":0,"rotation":0,"texture":"#0"},"up":{"uv":[1.2575,11.4925,1.3675,11.3825],"tintindex":0,"rotation":0,"texture":"#0"},"down":{"uv":[1.3825,11.3825,1.4925,11.4925],"tintindex":0,"rotation":0,"texture":"#0"}}},{"from":[4.3705,6.8586817,-2.7007103],"to":[11.629499,12.043681,4.5582895],"faces":{"east":{"uv":[5.5075,8.0075,6.3675,8.6175],"tintindex":0,"rotation":0,"texture":"#0"},"south":{"uv":[6.3825,8.0075,7.2425,8.6175],"tintindex":0,"rotation":0,"texture":"#0"},"north":{"uv":[8.0075,1.2575,8.8675,1.8675],"tintindex":0,"rotation":0,"texture":"#0"},"west":{"uv":[8.0075,7.7575,8.8675,8.3675],"tintindex":0,"rotation":0,"texture":"#0"},"up":{"uv":[3.9925,7.6175,3.1325,6.7575],"tintindex":0,"rotation":0,"texture":"#0"},"down":{"uv":[4.8675,6.7575,4.0075,7.6175],"tintindex":0,"rotation":0,"texture":"#0"}}},{"from":[8.98839,6.599432,-8.663462],"to":[9.506891,7.377182,-8.14496],"faces":{"east":{"uv":[10.6325,11.2575,10.7425,11.3675],"tintindex":0,"rotation":0,"texture":"#0"},"south":{"uv":[10.7575,11.2575,10.8675,11.3675],"tintindex":0,"rotation":0,"texture":"#0"},"north":{"uv":[11.2575,10.5075,11.3675,10.6175],"tintindex":0,"rotation":0,"texture":"#0"},"west":{"uv":[10.8825,11.2575,10.9925,11.3675],"tintindex":0,"rotation":0,"texture":"#0"},"up":{"uv":[11.1175,11.3675,11.0075,11.2575],"tintindex":0,"rotation":0,"texture":"#0"},"down":{"uv":[11.2425,11.2575,11.1325,11.3675],"tintindex":0,"rotation":0,"texture":"#0"}}},{"from":[6.493109,6.599432,-8.663462],"to":[7.011609,7.377182,-8.14496],"faces":{"east":{"uv":[10.9925,11.2575,10.8825,11.3675],"tintindex":0,"rotation":0,"texture":"#0"},"south":{"uv":[10.8675,11.2575,10.7575,11.3675],"tintindex":0,"rotation":0,"texture":"#0"},"north":{"uv":[11.3675,10.5075,11.2575,10.6175],"tintindex":0,"rotation":0,"texture":"#0"},"west":{"uv":[10.7425,11.2575,10.6325,11.3675],"tintindex":0,"rotation":0,"texture":"#0"},"up":{"uv":[11.0075,11.3675,11.1175,11.2575],"tintindex":0,"rotation":0,"texture":"#0"},"down":{"uv":[11.1325,11.2575,11.2425,11.3675],"tintindex":0,"rotation":0,"texture":"#0"}}},{"from":[5.66675,17.637215,-2.6496258],"to":[10.33325,19.711214,1.2391243],"faces":{"east":{"uv":[7.7575,10.3825,8.2425,10.6175],"tintindex":0,"rotation":0,"texture":"#0"},"south":{"uv":[10.2575,0.5075,10.8675,0.7425],"tintindex":0,"rotation":0,"texture":"#0"},"north":{"uv":[10.1325,10.1325,10.7425,10.3675],"tintindex":0,"rotation":0,"texture":"#0"},"west":{"uv":[10.3825,9.0075,10.8675,9.2425],"tintindex":0,"rotation":0,"texture":"#0"},"up":{"uv":[7.4925,9.8675,6.8825,9.3825],"tintindex":0,"rotation":0,"texture":"#0"},"down":{"uv":[2.6175,9.5075,2.0075,9.9925],"tintindex":0,"rotation":0,"texture":"#0"}},"rotation":{"origin":[8.0,5.9881773,15.950352],"angle":-22.5,"axis":"x"}},{"from":[6.5741253,6.0809317,-8.631054],"to":[6.833375,6.599432,-8.371805],"faces":{"east":{"uv":[0.2425,11.3825,0.1325,11.4925],"tintindex":0,"rotation":0,"texture":"#0"},"south":{"uv":[11.4925,0.0075,11.3825,0.1175],"tintindex":0,"rotation":0,"texture":"#0"},"north":{"uv":[11.3675,11.2575,11.2575,11.3675],"tintindex":0,"rotation":0,"texture":"#0"},"west":{"uv":[0.1175,11.3825,0.0075,11.4925],"tintindex":0,"rotation":0,"texture":"#0"},"up":{"uv":[11.3825,0.2425,11.4925,0.1325],"tintindex":0,"rotation":0,"texture":"#0"},"down":{"uv":[0.2575,11.3825,0.3675,11.4925],"tintindex":0,"rotation":0,"texture":"#0"}}},{"from":[9.76614,6.599432,-5.0339603],"to":[10.543891,7.377182,-4.2562103],"faces":{"east":{"uv":[2.1325,11.3825,2.2425,11.4925],"tintindex":0,"rotation":0,"texture":"#0"},"south":{"uv":[2.2575,11.3825,2.3675,11.4925],"tintindex":0,"rotation":0,"texture":"#0"},"north":{"uv":[2.0075,11.3825,2.1175,11.4925],"tintindex":0,"rotation":0,"texture":"#0"},"west":{"uv":[2.3825,11.3825,2.4925,11.4925],"tintindex":0,"rotation":0,"texture":"#0"},"up":{"uv":[2.6175,11.4925,2.5075,11.3825],"tintindex":0,"rotation":0,"texture":"#0"},"down":{"uv":[2.7425,11.3825,2.6325,11.4925],"tintindex":0,"rotation":0,"texture":"#0"}}},{"from":[4.6297503,13.121328,1.8419724],"to":[11.37025,18.30633,5.989972],"faces":{"east":{"uv":[0.0075,9.5075,0.4925,10.1175],"tintindex":0,"rotation":0,"texture":"#0"},"south":{"uv":[3.0075,8.2575,3.8675,8.8675],"tintindex":0,"rotation":0,"texture":"#0"},"north":{"uv":[8.1325,3.5075,8.9925,4.1175],"tintindex":0,"rotation":0,"texture":"#0"},"west":{"uv":[3.3825,9.5075,3.8675,10.1175],"tintindex":0,"rotation":0,"texture":"#0"},"up":{"uv":[1.3675,9.1175,0.5075,8.6325],"tintindex":0,"rotation":0,"texture":"#0"},"down":{"uv":[2.2425,8.6325,1.3825,9.1175],"tintindex":0,"rotation":0,"texture":"#0"}},"rotation":{"origin":[8.0,5.9881773,15.950352],"angle":-22.5,"axis":"x"}},{"from":[10.025391,6.0809317,-5.0015545],"to":[10.28464,6.599432,-4.483055],"faces":{"east":{"uv":[1.6325,11.3825,1.7425,11.4925],"tintindex":0,"rotation":0,"texture":"#0"},"south":{"uv":[11.3825,1.6325,11.4925,1.7425],"tintindex":0,"rotation":0,"texture":"#0"},"north":{"uv":[1.5075,11.3825,1.6175,11.4925],"tintindex":0,"rotation":0,"texture":"#0"},"west":{"uv":[1.7575,11.3825,1.8675,11.4925],"tintindex":0,"rotation":0,"texture":"#0"},"up":{"uv":[11.4925,1.8675,11.3825,1.7575],"tintindex":0,"rotation":0,"texture":"#0"},"down":{"uv":[1.9925,11.3825,1.8825,11.4925],"tintindex":0,"rotation":0,"texture":"#0"}}},{"from":[6.4445,7.377182,-10.996712],"to":[9.5555,9.451181,-6.848711],"faces":{"east":{"uv":[10.3825,2.0075,10.8675,2.2425],"tintindex":0,"rotation":0,"texture":"#0"},"south":{"uv":[9.0075,10.5075,9.3675,10.7425],"tintindex":0,"rotation":0,"texture":"#0"},"north":{"uv":[10.5075,4.1325,10.8675,4.3675],"tintindex":0,"rotation":0,"texture":"#0"},"west":{"uv":[10.3825,5.5075,10.8675,5.7425],"tintindex":0,"rotation":0,"texture":"#0"},"up":{"uv":[9.6175,10.4925,9.2575,10.0075],"tintindex":0,"rotation":0,"texture":"#0"},"down":{"uv":[0.3675,10.1325,0.0075,10.6175],"tintindex":0,"rotation":0,"texture":"#0"}}},{"from":[8.98839,6.8586817,-10.47821],"to":[9.506891,7.377182,-9.959711],"faces":{"east":{"uv":[1.0075,11.3825,1.1175,11.4925],"tintindex":0,"rotation":0,"texture":"#0"},"south":{"uv":[11.3825,1.0075,11.4925,1.1175],"tintindex":0,"rotation":0,"texture":"#0"},"north":{"uv":[0.8825,11.3825,0.9925,11.4925],"tintindex":0,"rotation":0,"texture":"#0"},"west":{"uv":[1.1325,11.3825,1.2425,11.4925],"tintindex":0,