{"textures":{"0":"modelengine:entity/dojo_guardian","particle":"#0"},"elements":[{"from":[5.277875,15.443679,3.048689],"to":[10.722125,18.036179,6.159687],"faces":{"east":{"uv":[1.1325,10.3825,1.4925,10.7425],"tintindex":0,"rotation":0,"texture":"#0"},"south":{"uv":[10.0075,2.7575,10.6175,3.1175],"tintindex":0,"rotation":0,"texture":"#0"},"north":{"uv":[9.6325,0.5075,10.2425,0.8675],"tintindex":0,"rotation":0,"texture":"#0"},"west":{"uv":[1.5075,10.3825,1.8675,10.7425],"tintindex":0,"rotation":0,"texture":"#0"},"up":{"uv":[10.6175,4.7425,10.0075,4.3825],"tintindex":0,"rotation":0,"texture":"#0"},"down":{"uv":[10.6175,4.7575,10.0075,5.1175],"tintindex":0,"rotation":0,"texture":"#0"}},"rotation":{"origin":[8.0,6.2262,20.805422],"angle":-45.0,"axis":"x"}},{"from":[11.013782,12.555169,2.511755],"to":[11.532281,13.332919,3.0302544],"faces":{"east":{"uv":[6.0075,11.3825,6.1175,11.4925],"tintindex":0,"rotation":0,"texture":"#0"},"south":{"uv":[11.3825,6.0075,11.4925,6.1175],"tintindex":0,"rotation":0,"texture":"#0"},"north":{"uv":[11.3825,5.8825,11.4925,5.9925],"tintindex":0,"rotation":0,"texture":"#0"},"west":{"uv":[6.1325,11.3825,6.2425,11.4925],"tintindex":0,"rotation":0,"texture":"#0"},"up":{"uv":[11.4925,6.2425,11.3825,6.1325],"tintindex":0,"rotation":0,"texture":"#0"},"down":{"uv":[6.3675,11.3825,6.2575,11.4925],"tintindex":0,"rotation":0,"texture":"#0"}},"rotation":{"origin":[8.0,6.2262,20.805422],"angle":-22.5,"axis":"x"}},{"from":[7.7407503,-8.336802,-0.3003826],"to":[8.259251,-7.818302,1.2551174],"faces":{"east":{"uv":[10.0075,8.0075,10.2425,8.1175],"tintindex":0,"rotation":0,"texture":"#0"},"south":{"uv":[3.1325,11.3825,3.2425,11.4925],"tintindex":0,"rotation":0,"texture":"#0"},"north":{"uv":[3.0075,11.3825,3.1175,11.4925],"tintindex":0,"rotation":0,"texture":"#0"},"west":{"uv":[9.6325,10.0075,9.8675,10.1175],"tintindex":0,"rotation":0,"texture":"#0"},"up":{"uv":[6.8675,9.8675,6.7575,9.6325],"tintindex":0,"rotation":0,"texture":"#0"},"down":{"uv":[2.6175,10.0075,2.5075,10.2425],"tintindex":0,"rotation":0,"texture":"#0"}},"rotation":{"origin":[8.0,6.2262,20.805422],"angle":22.5,"axis":"x"}},{"from":[4.467719,12.555169,2.511755],"to":[4.9862185,13.332919,3.0302544],"faces":{"east":{"uv":[6.2425,11.3825,6.1325,11.4925],"tintindex":0,"rotation":0,"texture":"#0"},"south":{"uv":[11.4925,6.0075,11.3825,6.1175],"tintindex":0,"rotation":0,"texture":"#0"},"north":{"uv":[11.4925,5.8825,11.3825,5.9925],"tintindex":0,"rotation":0,"texture":"#0"},"west":{"uv":[6.1175,11.3825,6.0075,11.4925],"tintindex":0,"rotation":0,"texture":"#0"},"up":{"uv":[11.3825,6.2425,11.4925,6.1325],"tintindex":0,"rotation":0,"texture":"#0"},"down":{"uv":[6.2575,11.3825,6.3675,11.4925],"tintindex":0,"rotation":0,"texture":"#0"}},"rotation":{"origin":[8.0,6.2262,20.805422],"angle":-22.5,"axis":"x"}},{"from":[10.025391,-5.477618,2.6051178],"to":[10.543891,-4.959118,3.3828678],"faces":{"east":{"uv":[4.1325,11.3825,4.2425,11.4925],"tintindex":0,"rotation":0,"texture":"#0"},"south":{"uv":[4.2575,11.3825,4.3675,11.4925],"tintindex":0,"rotation":0,"texture":"#0"},"north":{"uv":[4.0075,11.3825,4.1175,11.4925],"tintindex":0,"rotation":0,"texture":"#0"},"west":{"uv":[4.3825,11.3825,4.4925,11.4925],"tintindex":0,"rotation":0,"texture":"#0"},"up":{"uv":[4.6175,11.4925,4.5075,11.3825],"tintindex":0,"rotation":0,"texture":"#0"},"down":{"uv":[11.4925,4.5075,11.3825,4.6175],"tintindex":0,"rotation":0,"texture":"#0"}},"rotation":{"origin":[8.0,6.2262,20.805422],"angle":22.5,"axis":"x"}},{"from":[4.3380938,18.036179,6.3055153],"to":[5.115844,19.073181,7.342516],"faces":{"east":{"uv":[11.4925,5.6325,11.3825,5.7425],"tintindex":0,"rotation":0,"texture":"#0"},"south":{"uv":[5.7425,11.3825,5.6325,11.4925],"tintindex":0,"rotation":0,"texture":"#0"},"north":{"uv":[11.4925,5.3825,11.3825,5.4925],"tintindex":0,"rotation":0,"texture":"#0"},"west":{"uv":[11.4925,5.5075,11.3825,5.6175],"tintindex":0,"rotation":0,"texture":"#0"},"up":{"uv":[5.7575,11.4925,5.8675,11.3825],"tintindex":0,"rotation":0,"texture":"#0"},"down":{"uv":[11.3825,5.7575,11.4925,5.8675],"tintindex":0,"rotation":0,"texture":"#0"}},"rotation":{"origin":[8.0,6.2262,20.805422],"angle":-45.0,"axis":"x"}},{"from":[7.4815,-0.21264267,-2.893402],"to":[8.518499,0.82435656,-0.8194027],"faces":{"east":{"uv":[6.0075,9.5075,6.2425,9.6175],"tintindex":0,"rotation":0,"texture":"#0"},"south":{"uv":[2.8825,11.3825,2.9925,11.4925],"tintindex":0,"rotation":0,"texture":"#0"},"north":{"uv":[2.7575,11.3825,2.8675,11.4925],"tintindex":0,"rotation":0,"texture":"#0"},"west":{"uv":[9.6325,9.1325,9.8675,9.2425],"tintindex":0,"rotation":0,"texture":"#0"},"up":{"uv":[3.9925,8.7425,3.8825,8.5075],"tintindex":0,"rotation":0,"texture":"#0"},"down":{"uv":[2.7425,9.5075,2.6325,9.7425],"tintindex":0,"rotation":0,"texture":"#0"}}},{"from":[6.314875,8.309631,-1.9979744],"to":[9.685125,10.383632,1.1130257],"faces":{"east":{"uv":[10.6325,2.7575,10.9925,2.9925],"tintindex":0,"rotation":0,"texture":"#0"},"south":{"uv":[4.0075,10.6325,4.3675,10.8675],"tintindex":0,"rotation":0,"texture":"#0"},"north":{"uv":[0.0075,10.6325,0.3675,10.8675],"tintindex":0,"rotation":0,"texture":"#0"},"west":{"uv":[4.3825,10.6325,4.7425,10.8675],"tintindex":0,"rotation":0,"texture":"#0"},"up":{"uv":[10.7425,1.9925,10.3825,1.6325],"tintindex":0,"rotation":0,"texture":"#0"},"down":{"uv":[2.8675,10.3825,2.5075,10.7425],"tintindex":0,"rotation":0,"texture":"#0"}},"rotation":{"origin":[8.0,6.2262,20.805422],"angle":-22.5,"axis":"x"}},{"from":[6.428297,18.261696,2.0780487],"to":[6.946797,19.039448,2.59655],"faces":{"east":{"uv":[5.3675,11.3825,5.2575,11.4925],"tintindex":0,"rotation":0,"texture":"#0"},"south":{"uv":[11.4925,5.1325,11.3825,5.2425],"tintindex":0,"rotation":0,"texture":"#0"},"north":{"uv":[5.1175,11.3825,5.0075,11.4925],"tintindex":0,"rotation":0,"texture":"#0"},"west":{"uv":[5.2425,11.3825,5.1325,11.4925],"tintindex":0,"rotation":0,"texture":"#0"},"up":{"uv":[11.3825,5.3675,11.4925,5.2575],"tintindex":0,"rotation":0,"texture":"#0"},"down":{"uv":[5.3825,11.3825,5.4925,11.4925],"tintindex":0,"rotation":0,"texture":"#0"}},"rotation":{"origin":[8.0,6.2262,20.805422],"angle":-45.0,"axis":"x"}},{"from":[10.884156,18.036179,6.3055153],"to":[11.661906,19.073181,7.342516],"faces":{"east":{"uv":[11.3825,5.5075,11.4925,5.6175],"tintindex":0,"rotation":0,"texture":"#0"},"south":{"uv":[5.6325,11.3825,5.7425,11.4925],"tintindex":0,"rotation":0,"texture":"#0"},"north":{"uv":[11.3825,5.3825,11.4925,5.4925],"tintindex":0,"rotation":0,"texture":"#0"},"west":{"uv":[11.3825,5.6325,11.4925,5.7425],"tintindex":0,"rotation":0,"texture":"#0"},"up":{"uv":[5.8675,11.4925,5.7575,11.3825],"tintindex":0,"rotation":0,"texture":"#0"},"down":{"uv":[11.4925,5.7575,11.3825,5.8675],"tintindex":0,"rotation":0,"texture":"#0"}},"rotation":{"origin":[8.0,6.2262,20.805422],"angle":-45.0,"axis":"x"}},{"from":[6.5093126,10.918305,-1.1635399],"to":[6.7685623,11.696055,-0.90429115],"faces":{"east":{"uv":[11.4925,4.7575,11.3825,4.8675],"tintindex":0,"rotation":0,"texture":"#0"},"south":{"uv":[4.8675,11.3825,4.7575,11.4925],"tintindex":0,"rotation":0,"texture":"#0"},"north":{"uv":[4.7425,11.3825,4.6325,11.4925],"tintindex":0,"rotation":0,"texture":"#0"},"west":{"uv":[11.4925,4.6325,11.3825,4.7425],"tintindex":0,"rotation":0,"texture":"#0"},"up":{"uv":[4.8825,11.4925,4.9925,11.3825],"tintindex":0,"rotation":0,"texture":"#0"},"down":{"uv":[11.3825,4.8825,11.4925,4.9925],"tintindex":0,"rotation":0,"texture":"#0"}},"rotation":{"origin":[8.0,6.2262,20.805422],"angle":-22.5,"axis":"x"}},{"from":[5.537125,10.936026,-0.21081734],"to":[5.7963753,11.713776,0.048433304],"faces":{"east":{"uv":[3.7425,11.3825,3.6325,11.4925],"tintindex":0,"rotation":0,"texture":"#0"},"south":{"uv":[3.6175,11.3825,3.5075,11.4925],"tintindex":0,"rotation":0,"texture":"#0"},"north":{"uv":[3.3675,11.3825,3.2575,11.4925],"tintindex":0,"rotation":0,"texture":"#0"},"west":{"uv":[3.4925,11.3825,3.3825,11.4925],"tintindex":0,"rotation":0,"texture":"#0"},