{"textures":{"0":"modelengine:entity/dojo_guardian","particle":"#0"},"elements":[{"from":[9.828046,14.227805,-8.839264],"to":[10.865046,15.783305,-6.7652626],"faces":{"east":{"uv":[10.3675,1.6325,10.2575,1.7425],"tintindex":0,"rotation":0,"texture":"#0"},"south":{"uv":[10.2425,1.1325,10.1325,1.2425],"tintindex":0,"rotation":0,"texture":"#0"},"north":{"uv":[2.7425,9.7575,2.6325,9.8675],"tintindex":0,"rotation":0,"texture":"#0"},"west":{"uv":[9.9925,4.5075,9.8825,4.6175],"tintindex":0,"rotation":0,"texture":"#0"},"up":{"uv":[2.5075,10.3675,2.6175,10.2575],"tintindex":0,"rotation":0,"texture":"#0"},"down":{"uv":[1.8825,10.3825,1.9925,10.4925],"tintindex":0,"rotation":0,"texture":"#0"}},"rotation":{"origin":[21.911419,25.1861,17.069204],"angle":-22.5,"axis":"x"}},{"from":[6.717046,5.430249,-1.3487339],"to":[8.791046,7.504249,1.7622662],"faces":{"east":{"uv":[9.3675,2.6325,9.1325,2.7425],"tintindex":0,"rotation":0,"texture":"#0"},"south":{"uv":[10.8675,5.3825,10.7575,5.4925],"tintindex":0,"rotation":0,"texture":"#0"},"north":{"uv":[10.8675,1.8825,10.7575,1.9925],"tintindex":0,"rotation":0,"texture":"#0"},"west":{"uv":[9.1175,1.7575,8.8825,1.8675],"tintindex":0,"rotation":0,"texture":"#0"},"up":{"uv":[3.1325,4.8675,3.2425,4.6325],"tintindex":0,"rotation":0,"texture":"#0"},"down":{"uv":[3.1325,4.8825,3.2425,5.1175],"tintindex":0,"rotation":0,"texture":"#0"}}},{"from":[8.444538,5.3891096,12.404004],"to":[14.666538,9.01861,16.033504],"faces":{"east":{"uv":[5.1325,11.1325,5.3675,11.3675],"tintindex":0,"rotation":0,"texture":"#0"},"south":{"uv":[5.8825,10.7575,6.2425,10.9925],"tintindex":0,"rotation":0,"texture":"#0"},"north":{"uv":[5.5075,10.7575,5.8675,10.9925],"tintindex":0,"rotation":0,"texture":"#0"},"west":{"uv":[11.1325,5.1325,11.3675,5.3675],"tintindex":0,"rotation":0,"texture":"#0"},"up":{"uv":[6.6175,10.9925,6.2575,10.7575],"tintindex":0,"rotation":0,"texture":"#0"},"down":{"uv":[11.1175,6.3825,10.7575,6.6175],"tintindex":0,"rotation":0,"texture":"#0"}},"rotation":{"origin":[21.911419,25.1861,17.069204],"angle":-22.5,"axis":"y"}},{"from":[5.2088137,5.90761,-2.4810066],"to":[11.430814,8.50011,0.111494064],"faces":{"east":{"uv":[11.4925,11.2575,11.3825,11.3675],"tintindex":0,"rotation":0,"texture":"#0"},"south":{"uv":[11.4925,10.1325,11.1325,10.2425],"tintindex":0,"rotation":0,"texture":"#0"},"north":{"uv":[11.4925,10.0075,11.1325,10.1175],"tintindex":0,"rotation":0,"texture":"#0"},"west":{"uv":[11.3675,11.3825,11.2575,11.4925],"tintindex":0,"rotation":0,"texture":"#0"},"up":{"uv":[11.1325,10.3675,11.4925,10.2575],"tintindex":0,"rotation":0,"texture":"#0"},"down":{"uv":[10.3825,11.1325,10.7425,11.2425],"tintindex":0,"rotation":0,"texture":"#0"}},"rotation":{"origin":[21.911419,25.1861,17.069204],"angle":45.0,"axis":"y"}},{"from":[7.235546,14.227805,-8.839264],"to":[8.272546,15.783305,-6.7652626],"faces":{"east":{"uv":[10.3675,1.6325,10.2575,1.7425],"tintindex":0,"rotation":0,"texture":"#0"},"south":{"uv":[10.2425,1.1325,10.1325,1.2425],"tintindex":0,"rotation":0,"texture":"#0"},"north":{"uv":[2.7425,9.7575,2.6325,9.8675],"tintindex":0,"rotation":0,"texture":"#0"},"west":{"uv":[9.9925,4.5075,9.8825,4.6175],"tintindex":0,"rotation":0,"texture":"#0"},"up":{"uv":[2.5075,10.3675,2.6175,10.2575],"tintindex":0,"rotation":0,"texture":"#0"},"down":{"uv":[1.8825,10.3825,1.9925,10.4925],"tintindex":0,"rotation":0,"texture":"#0"}},"rotation":{"origin":[21.911419,25.1861,17.069204],"angle":-22.5,"axis":"x"}},{"from":[9.309546,5.430249,-1.3487339],"to":[11.383546,7.504249,1.7622662],"faces":{"east":{"uv":[9.3675,2.6325,9.1325,2.7425],"tintindex":0,"rotation":0,"texture":"#0"},"south":{"uv":[10.8675,5.3825,10.7575,5.4925],"tintindex":0,"rotation":0,"texture":"#0"},"north":{"uv":[10.8675,1.8825,10.7575,1.9925],"tintindex":0,"rotation":0,"texture":"#0"},"west":{"uv":[9.1175,1.7575,8.8825,1.8675],"tintindex":0,"rotation":0,"texture":"#0"},"up":{"uv":[3.1325,4.8675,3.2425,4.6325],"tintindex":0,"rotation":0,"texture":"#0"},"down":{"uv":[3.1325,4.8825,3.2425,5.1175],"tintindex":0,"rotation":0,"texture":"#0"}}},{"from":[13.327013,5.90761,16.584007],"to":[19.549013,8.50011,19.176506],"faces":{"east":{"uv":[11.2575,11.3825,11.3675,11.4925],"tintindex":0,"rotation":0,"texture":"#0"},"south":{"uv":[11.1325,10.1325,11.4925,10.2425],"tintindex":0,"rotation":0,"texture":"#0"},"north":{"uv":[11.1325,10.0075,11.4925,10.1175],"tintindex":0,"rotation":0,"texture":"#0"},"west":{"uv":[11.3825,11.2575,11.4925,11.3675],"tintindex":0,"rotation":0,"texture":"#0"},"up":{"uv":[11.4925,10.3675,11.1325,10.2575],"tintindex":0,"rotation":0,"texture":"#0"},"down":{"uv":[10.7425,11.1325,10.3825,11.2425],"tintindex":0,"rotation":0,"texture":"#0"}},"rotation":{"origin":[21.911419,25.1861,17.069204],"angle":-45.0,"axis":"y"}},{"from":[4.246661,5.3891096,2.086094],"to":[10.468662,9.01861,5.7155933],"faces":{"east":{"uv":[11.3675,5.1325,11.1325,5.3675],"tintindex":0,"rotation":0,"texture":"#0"},"south":{"uv":[6.2425,10.7575,5.8825,10.9925],"tintindex":0,"rotation":0,"texture":"#0"},"north":{"uv":[5.8675,10.7575,5.5075,10.9925],"tintindex":0,"rotation":0,"texture":"#0"},"west":{"uv":[5.3675,11.1325,5.1325,11.3675],"tintindex":0,"rotation":0,"texture":"#0"},"up":{"uv":[6.2575,10.9925,6.6175,10.7575],"tintindex":0,"rotation":0,"texture":"#0"},"down":{"uv":[10.7575,6.3825,11.1175,6.6175],"tintindex":0,"rotation":0,"texture":"#0"}},"rotation":{"origin":[21.911419,25.1861,17.069204],"angle":22.5,"axis":"y"}},{"from":[4.124545,5.430249,-1.3487339],"to":[6.1985464,7.504249,1.7622662],"faces":{"east":{"uv":[9.3675,2.6325,9.1325,2.7425],"tintindex":0,"rotation":0,"texture":"#0"},"south":{"uv":[10.8675,5.3825,10.7575,5.4925],"tintindex":0,"rotation":0,"texture":"#0"},"north":{"uv":[10.8675,1.8825,10.7575,1.9925],"tintindex":0,"rotation":0,"texture":"#0"},"west":{"uv":[9.1175,1.7575,8.8825,1.8675],"tintindex":0,"rotation":0,"texture":"#0"},"up":{"uv":[3.1325,4.8675,3.2425,4.6325],"tintindex":0,"rotation":0,"texture":"#0"},"down":{"uv":[3.1325,4.8825,3.2425,5.1175],"tintindex":0,"rotation":0,"texture":"#0"}}},{"from":[4.6430464,14.227805,-8.839264],"to":[5.680045,15.783305,-6.7652626],"faces":{"east":{"uv":[10.3675,1.6325,10.2575,1.7425],"tintindex":0,"rotation":0,"texture":"#0"},"south":{"uv":[10.2425,1.1325,10.1325,1.2425],"tintindex":0,"rotation":0,"texture":"#0"},"north":{"uv":[2.7425,9.7575,2.6325,9.8675],"tintindex":0,"rotation":0,"texture":"#0"},"west":{"uv":[9.9925,4.5075,9.8825,4.6175],"tintindex":0,"rotation":0,"texture":"#0"},"up":{"uv":[2.5075,10.3675,2.6175,10.2575],"tintindex":0,"rotation":0,"texture":"#0"},"down":{"uv":[1.8825,10.3825,1.9925,10.4925],"tintindex":0,"rotation":0,"texture":"#0"}},"rotation":{"origin":[21.911419,25.1861,17.069204],"angle":-22.5,"axis":"x"}},{"from":[4.124545,5.170999,1.7622662],"to":[11.383546,9.318999,11.095266],"faces":{"east":{"uv":[10.7425,6.3825,10.1325,6.6175],"tintindex":0,"rotation":0,"texture":"#0"},"south":{"uv":[10.7425,8.3825,10.2575,8.6175],"tintindex":0,"rotation":0,"texture":"#0"},"north":{"uv":[7.4925,6.5075,7.0075,6.7425],"tintindex":0,"rotation":0,"texture":"#0"},"west":{"uv":[3.2425,5.2575,2.6325,5.4925],"tintindex":0,"rotation":0,"texture":"#0"},"up":{"uv":[9.1325,9.2425,9.6175,8.6325],"tintindex":0,"rotation":0,"texture":"#0"},"down":{"uv":[7.7575,9.2575,8.2425,9.8675],"tintindex":0,"rotation":0,"texture":"#0"}}}],"display":{"gui":{"rotation":[-150.0,-45.0,180.0]}}}