{"textures":{"0":"modelengine:entity/dojo_guardian","particle":"#0"},"elements":[{"from":[4.663542,-0.37518406,4.1475496],"to":[10.885542,8.957816,11.40655],"faces":{"east":{"uv":[5.3675,9.5075,4.8825,10.1175],"tintindex":0,"rotation":0,"texture":"#0"},"south":{"uv":[5.7425,10.0075,5.3825,10.6175],"tintindex":0,"rotation":0,"texture":"#0"},"north":{"uv":[10.3675,5.1325,10.0075,5.7425],"tintindex":0,"rotation":0,"texture":"#0"},"west":{"uv":[4.8675,9.5075,4.3825,10.1175],"tintindex":0,"rotation":0,"texture":"#0"},"up":{"uv":[4.3825,10.6175,4.7425,10.1325],"tintindex":0,"rotation":0,"texture":"#0"},"down":{"uv":[4.7575,10.1325,5.1175,10.6175],"tintindex":0,"rotation":0,"texture":"#0"}}}],"display":{"gui":{"rotation":[-150.0,-45.0,180.0]}}}