{"textures":{"0":"modelengine:entity/dojo_guardian","particle":"#0"},"elements":[{"from":[8.914022,5.083894,-1.2944822],"to":[9.432523,5.861644,-0.25748253],"faces":{"east":{"uv":[10.3675,1.6325,10.2575,1.7425],"tintindex":0,"rotation":0,"texture":"#0"},"south":{"uv":[10.2425,1.1325,10.1325,1.2425],"tintindex":0,"rotation":0,"texture":"#0"},"north":{"uv":[2.7425,9.7575,2.6325,9.8675],"tintindex":0,"rotation":0,"texture":"#0"},"west":{"uv":[9.9925,4.5075,9.8825,4.6175],"tintindex":0,"rotation":0,"texture":"#0"},"up":{"uv":[2.5075,10.3675,2.6175,10.2575],"tintindex":0,"rotation":0,"texture":"#0"},"down":{"uv":[1.8825,10.3825,1.9925,10.4925],"tintindex":0,"rotation":0,"texture":"#0"}},"rotation":{"origin":[13.91871,16.21805,-1.9926481],"angle":-22.5,"axis":"x"}},{"from":[8.654773,6.3401246,3.575633],"to":[9.691772,7.377125,5.1311336],"faces":{"east":{"uv":[9.3675,2.6325,9.1325,2.7425],"tintindex":0,"rotation":0,"texture":"#0"},"south":{"uv":[10.8675,5.3825,10.7575,5.4925],"tintindex":0,"rotation":0,"texture":"#0"},"north":{"uv":[10.8675,1.8825,10.7575,1.9925],"tintindex":0,"rotation":0,"texture":"#0"},"west":{"uv":[9.1175,1.7575,8.8825,1.8675],"tintindex":0,"rotation":0,"texture":"#0"},"up":{"uv":[3.1325,4.8675,3.2425,4.6325],"tintindex":0,"rotation":0,"texture":"#0"},"down":{"uv":[3.1325,4.8825,3.2425,5.1175],"tintindex":0,"rotation":0,"texture":"#0"}}},{"from":[7.358523,6.3401246,3.575633],"to":[8.395523,7.377125,5.1311336],"faces":{"east":{"uv":[9.3675,2.6325,9.1325,2.7425],"tintindex":0,"rotation":0,"texture":"#0"},"south":{"uv":[10.8675,5.3825,10.7575,5.4925],"tintindex":0,"rotation":0,"texture":"#0"},"north":{"uv":[10.8675,1.8825,10.7575,1.9925],"tintindex":0,"rotation":0,"texture":"#0"},"west":{"uv":[9.1175,1.7575,8.8825,1.8675],"tintindex":0,"rotation":0,"texture":"#0"},"up":{"uv":[3.1325,4.8675,3.2425,4.6325],"tintindex":0,"rotation":0,"texture":"#0"},"down":{"uv":[3.1325,4.8825,3.2425,5.1175],"tintindex":0,"rotation":0,"texture":"#0"}}},{"from":[6.3215227,5.083894,-1.2944822],"to":[6.840023,5.861644,-0.25748253],"faces":{"east":{"uv":[10.3675,1.6325,10.2575,1.7425],"tintindex":0,"rotation":0,"texture":"#0"},"south":{"uv":[10.2425,1.1325,10.1325,1.2425],"tintindex":0,"rotation":0,"texture":"#0"},"north":{"uv":[2.7425,9.7575,2.6325,9.8675],"tintindex":0,"rotation":0,"texture":"#0"},"west":{"uv":[9.9925,4.5075,9.8825,4.6175],"tintindex":0,"rotation":0,"texture":"#0"},"up":{"uv":[2.5075,10.3675,2.6175,10.2575],"tintindex":0,"rotation":0,"texture":"#0"},"down":{"uv":[1.8825,10.3825,1.9925,10.4925],"tintindex":0,"rotation":0,"texture":"#0"}},"rotation":{"origin":[13.91871,16.21805,-1.9926481],"angle":-22.5,"axis":"x"}},{"from":[6.062273,6.3401246,3.575633],"to":[7.0992727,7.377125,5.1311336],"faces":{"east":{"uv":[9.3675,2.6325,9.1325,2.7425],"tintindex":0,"rotation":0,"texture":"#0"},"south":{"uv":[10.8675,5.3825,10.7575,5.4925],"tintindex":0,"rotation":0,"texture":"#0"},"north":{"uv":[10.8675,1.8825,10.7575,1.9925],"tintindex":0,"rotation":0,"texture":"#0"},"west":{"uv":[9.1175,1.7575,8.8825,1.8675],"tintindex":0,"rotation":0,"texture":"#0"},"up":{"uv":[3.1325,4.8675,3.2425,4.6325],"tintindex":0,"rotation":0,"texture":"#0"},"down":{"uv":[3.1325,4.8825,3.2425,5.1175],"tintindex":0,"rotation":0,"texture":"#0"}}},{"from":[6.062273,6.2105,5.1311336],"to":[9.691772,8.2845,9.797634],"faces":{"east":{"uv":[10.8675,1.3825,10.2575,1.6175],"tintindex":0,"rotation":0,"texture":"#0"},"south":{"uv":[10.8675,9.5075,10.3825,9.7425],"tintindex":0,"rotation":0,"texture":"#0"},"north":{"uv":[10.8675,9.2575,10.3825,9.4925],"tintindex":0,"rotation":0,"texture":"#0"},"west":{"uv":[10.8675,1.1325,10.2575,1.3675],"tintindex":0,"rotation":0,"texture":"#0"},"up":{"uv":[3.8825,10.1175,4.3675,9.5075],"tintindex":0,"rotation":0,"texture":"#0"},"down":{"uv":[9.5075,3.8825,9.9925,4.4925],"tintindex":0,"rotation":0,"texture":"#0"}}},{"from":[7.617773,5.083894,-1.2944822],"to":[8.136272,5.861644,-0.25748253],"faces":{"east":{"uv":[10.3675,1.6325,10.2575,1.7425],"tintindex":0,"rotation":0,"texture":"#0"},"south":{"uv":[10.2425,1.1325,10.1325,1.2425],"tintindex":0,"rotation":0,"texture":"#0"},"north":{"uv":[2.7425,9.7575,2.6325,9.8675],"tintindex":0,"rotation":0,"texture":"#0"},"west":{"uv":[9.9925,4.5075,9.8825,4.6175],"tintindex":0,"rotation":0,"texture":"#0"},"up":{"uv":[2.5075,10.3675,2.6175,10.2575],"tintindex":0,"rotation":0,"texture":"#0"},"down":{"uv":[1.8825,10.3825,1.9925,10.4925],"tintindex":0,"rotation":0,"texture":"#0"}},"rotation":{"origin":[13.91871,16.21805,-1.9926481],"angle":-22.5,"axis":"x"}},{"from":[-4.1484175,6.578805,-0.5853901],"to":[-1.0374174,7.875055,0.71086025],"faces":{"east":{"uv":[11.4925,11.2575,11.3825,11.3675],"tintindex":0,"rotation":0,"texture":"#0"},"south":{"uv":[11.4925,10.1325,11.1325,10.2425],"tintindex":0,"rotation":0,"texture":"#0"},"north":{"uv":[11.4925,10.0075,11.1325,10.1175],"tintindex":0,"rotation":0,"texture":"#0"},"west":{"uv":[11.3675,11.3825,11.2575,11.4925],"tintindex":0,"rotation":0,"texture":"#0"},"up":{"uv":[11.1325,10.3675,11.4925,10.2575],"tintindex":0,"rotation":0,"texture":"#0"},"down":{"uv":[10.3825,11.1325,10.7425,11.2425],"tintindex":0,"rotation":0,"texture":"#0"}},"rotation":{"origin":[13.91871,16.21805,-1.9926481],"angle":45.0,"axis":"y"}},{"from":[0.38938522,6.319555,4.5650387],"to":[3.5003853,8.134305,6.3797884],"faces":{"east":{"uv":[11.3675,5.1325,11.1325,5.3675],"tintindex":0,"rotation":0,"texture":"#0"},"south":{"uv":[6.2425,10.7575,5.8825,10.9925],"tintindex":0,"rotation":0,"texture":"#0"},"north":{"uv":[5.8675,10.7575,5.5075,10.9925],"tintindex":0,"rotation":0,"texture":"#0"},"west":{"uv":[5.3675,11.1325,5.1325,11.3675],"tintindex":0,"rotation":0,"texture":"#0"},"up":{"uv":[6.2575,10.9925,6.6175,10.7575],"tintindex":0,"rotation":0,"texture":"#0"},"down":{"uv":[10.7575,6.3825,11.1175,6.6175],"tintindex":0,"rotation":0,"texture":"#0"}},"rotation":{"origin":[13.91871,16.21805,-1.9926481],"angle":22.5,"axis":"y"}},{"from":[20.808868,6.578805,7.4805775],"to":[23.919868,7.875055,8.776827],"faces":{"east":{"uv":[11.2575,11.3825,11.3675,11.4925],"tintindex":0,"rotation":0,"texture":"#0"},"south":{"uv":[11.1325,10.1325,11.4925,10.2425],"tintindex":0,"rotation":0,"texture":"#0"},"north":{"uv":[11.1325,10.0075,11.4925,10.1175],"tintindex":0,"rotation":0,"texture":"#0"},"west":{"uv":[11.3825,11.2575,11.4925,11.3675],"tintindex":0,"rotation":0,"texture":"#0"},"up":{"uv":[11.4925,10.3675,11.1325,10.2575],"tintindex":0,"rotation":0,"texture":"#0"},"down":{"uv":[10.7425,11.1325,10.3825,11.2425],"tintindex":0,"rotation":0,"texture":"#0"}},"rotation":{"origin":[13.91871,16.21805,-1.9926481],"angle":-45.0,"axis":"y"}},{"from":[13.798341,6.319555,8.930308],"to":[16.90934,8.134305,10.745058],"faces":{"east":{"uv":[5.1325,11.1325,5.3675,11.3675],"tintindex":0,"rotation":0,"texture":"#0"},"south":{"uv":[5.8825,10.7575,6.2425,10.9925],"tintindex":0,"rotation":0,"texture":"#0"},"north":{"uv":[5.5075,10.7575,5.8675,10.9925],"tintindex":0,"rotation":0,"texture":"#0"},"west":{"uv":[11.1325,5.1325,11.3675,5.3675],"tintindex":0,"rotation":0,"texture":"#0"},"up":{"uv":[6.6175,10.9925,6.2575,10.7575],"tintindex":0,"rotation":0,"texture":"#0"},"down":{"uv":[11.1175,6.3825,10.7575,6.6175],"tintindex":0,"rotation":0,"texture":"#0"}},"rotation":{"origin":[13.91871,16.21805,-1.9926481],"angle":-22.5,"axis":"y"}}],"display":{"gui":{"rotation":[-150.0,-45.0,180.0]}}}