{"textures":{"0":"modelengine:entity/dojo_guardian","particle":"#0"},"elements":[{"from":[3.970601,-4.5284853,-2.6635666],"to":[12.266602,3.7675152,11.854433],"faces":{"east":{"uv":[7.2425,8.6325,6.3825,9.1175],"tintindex":0,"rotation":0,"texture":"#0"},"south":{"uv":[7.7425,9.8825,7.2575,10.3675],"tintindex":0,"rotation":0,"texture":"#0"},"north":{"uv":[10.3675,7.1325,9.8825,7.6175],"tintindex":0,"rotation":0,"texture":"#0"},"west":{"uv":[6.3675,8.6325,5.5075,9.1175],"tintindex":0,"rotation":0,"texture":"#0"},"up":{"uv":[2.2575,9.4925,2.7425,8.6325],"tintindex":0,"rotation":0,"texture":"#0"},"down":{"uv":[8.6325,8.3825,9.1175,9.2425],"tintindex":0,"rotation":0,"texture":"#0"}},"rotation":{"origin":[20.201977,2.5032349,-10.360939],"angle":-22.5,"axis":"x"}},{"from":[-6.5109854,4.9693375,-2.3988953],"to":[-0.28898525,8.598837,1.2306051],"faces":{"east":{"uv":[5.1175,11.1325,4.8825,11.3675],"tintindex":0,"rotation":0,"texture":"#0"},"south":{"uv":[3.3675,10.7575,3.0075,10.9925],"tintindex":0,"rotation":0,"texture":"#0"},"north":{"uv":[2.9925,10.7575,2.6325,10.9925],"tintindex":0,"rotation":0,"texture":"#0"},"west":{"uv":[4.8675,11.1325,4.6325,11.3675],"tintindex":0,"rotation":0,"texture":"#0"},"up":{"uv":[3.3825,10.9925,3.7425,10.7575],"tintindex":0,"rotation":0,"texture":"#0"},"down":{"uv":[10.7575,5.1325,11.1175,5.3675],"tintindex":0,"rotation":0,"texture":"#0"}},"rotation":{"origin":[20.201977,2.5032349,-10.360939],"angle":22.5,"axis":"y"}},{"from":[-3.8409796,1.9555569,-15.157238],"to":[2.3810205,4.5480556,-12.564739],"faces":{"east":{"uv":[0.6175,11.5075,0.5075,11.6175],"tintindex":0,"rotation":0,"texture":"#0"},"south":{"uv":[11.6175,1.5075,11.2575,1.6175],"tintindex":0,"rotation":0,"texture":"#0"},"north":{"uv":[11.6175,1.3825,11.2575,1.4925],"tintindex":0,"rotation":0,"texture":"#0"},"west":{"uv":[11.6175,0.3825,11.5075,0.4925],"tintindex":0,"rotation":0,"texture":"#0"},"up":{"uv":[1.7575,11.3675,2.1175,11.2575],"tintindex":0,"rotation":0,"texture":"#0"},"down":{"uv":[11.2575,1.8825,11.6175,1.9925],"tintindex":0,"rotation":0,"texture":"#0"}},"rotation":{"origin":[20.201977,2.5032349,-10.360939],"angle":45.0,"axis":"y"}},{"from":[-13.640808,5.487837,-12.175188],"to":[-7.418809,8.080338,-9.582687],"faces":{"east":{"uv":[11.2425,11.3825,11.1325,11.4925],"tintindex":0,"rotation":0,"texture":"#0"},"south":{"uv":[11.4925,9.6325,11.1325,9.7425],"tintindex":0,"rotation":0,"texture":"#0"},"north":{"uv":[11.4925,9.5075,11.1325,9.6175],"tintindex":0,"rotation":0,"texture":"#0"},"west":{"uv":[11.1175,11.3825,11.0075,11.4925],"tintindex":0,"rotation":0,"texture":"#0"},"up":{"uv":[11.1325,9.8675,11.4925,9.7575],"tintindex":0,"rotation":0,"texture":"#0"},"down":{"uv":[10.0075,11.1325,10.3675,11.2425],"tintindex":0,"rotation":0,"texture":"#0"}},"rotation":{"origin":[20.201977,2.5032349,-10.360939],"angle":45.0,"axis":"y"}}],"display":{"gui":{"rotation":[-150.0,-45.0,180.0]}}}