{"textures":{"0":"modelengine:entity/dojo_guardian","particle":"#0"},"elements":[{"from":[4.6635427,-4.0630016,8.045746],"to":[10.885542,8.380999,15.304746],"faces":{"east":{"uv":[9.4925,6.5075,9.0075,7.2425],"tintindex":0,"rotation":0,"texture":"#0"},"south":{"uv":[9.8675,9.2575,9.5075,9.9925],"tintindex":0,"rotation":0,"texture":"#0"},"north":{"uv":[9.8675,6.6325,9.5075,7.3675],"tintindex":0,"rotation":0,"texture":"#0"},"west":{"uv":[9.4925,3.8825,9.0075,4.6175],"tintindex":0,"rotation":0,"texture":"#0"},"up":{"uv":[3.1325,6.7425,3.4925,6.2575],"tintindex":0,"rotation":0,"texture":"#0"},"down":{"uv":[7.0075,3.7575,7.3675,4.2425],"tintindex":0,"rotation":0,"texture":"#0"}},"rotation":{"origin":[21.931915,15.707913,14.143911],"angle":22.5,"axis":"x"}}],"display":{"gui":{"rotation":[-150.0,-45.0,180.0]}}}