{"textures":{"0":"modelengine:entity/dojo_guardian","particle":"#0"},"elements":[{"from":[7.3459797,16.602957,19.436502],"to":[8.382979,17.639957,21.510504],"faces":{"east":{"uv":[11.2575,9.8825,11.3675,9.9925],"tintindex":0,"rotation":0,"texture":"#0"},"south":{"uv":[10.0075,11.2575,10.1175,11.3675],"tintindex":0,"rotation":0,"texture":"#0"},"north":{"uv":[9.8825,11.2575,9.9925,11.3675],"tintindex":0,"rotation":0,"texture":"#0"},"west":{"uv":[10.1325,11.2575,10.2425,11.3675],"tintindex":0,"rotation":0,"texture":"#0"},"up":{"uv":[10.3675,11.3675,10.2575,11.2575],"tintindex":0,"rotation":0,"texture":"#0"},"down":{"uv":[10.4925,11.2575,10.3825,11.3675],"tintindex":0,"rotation":0,"texture":"#0"}},"rotation":{"origin":[-4.218894,8.702209,-5.7590027],"angle":22.5,"axis":"x"}},{"from":[5.7904797,-5.588311,12.00559],"to":[9.938479,-1.4403114,16.153591],"faces":{"east":{"uv":[1.2575,5.1325,1.4925,5.3675],"tintindex":0,"rotation":0,"texture":"#0"},"south":{"uv":[1.0075,7.1325,1.2425,7.3675],"tintindex":0,"rotation":0,"texture":"#0"},"north":{"uv":[1.2575,4.8825,1.4925,5.1175],"tintindex":0,"rotation":0,"texture":"#0"},"west":{"uv":[1.0075,7.3825,1.2425,7.6175],"tintindex":0,"rotation":0,"texture":"#0"},"up":{"uv":[1.2425,7.8675,1.0075,7.6325],"tintindex":0,"rotation":0,"texture":"#0"},"down":{"uv":[8.1175,3.5075,7.8825,3.7425],"tintindex":0,"rotation":0,"texture":"#0"}},"rotation":{"origin":[-4.218894,8.702209,-5.7590027],"angle":-22.5,"axis":"x"}},{"from":[6.5682297,4.81308,18.540777],"to":[9.160729,7.4055805,21.133278],"faces":{"east":{"uv":[9.2575,11.2575,9.3675,11.3675],"tintindex":0,"rotation":0,"texture":"#0"},"south":{"uv":[9.3825,11.2575,9.4925,11.3675],"tintindex":0,"rotation":0,"texture":"#0"},"north":{"uv":[9.1325,11.2575,9.2425,11.3675],"tintindex":0,"rotation":0,"texture":"#0"},"west":{"uv":[9.5075,11.2575,9.6175,11.3675],"tintindex":0,"rotation":0,"texture":"#0"},"up":{"uv":[9.7425,11.3675,9.6325,11.2575],"tintindex":0,"rotation":0,"texture":"#0"},"down":{"uv":[9.8675,11.2575,9.7575,11.3675],"tintindex":0,"rotation":0,"texture":"#0"}}},{"from":[18.009312,2.1269684,-5.8888016],"to":[24.231312,4.719468,-3.296301],"faces":{"east":{"uv":[0.6325,11.5075,0.7425,11.6175],"tintindex":0,"rotation":0,"texture":"#0"},"south":{"uv":[2.1325,11.2575,2.4925,11.3675],"tintindex":0,"rotation":0,"texture":"#0"},"north":{"uv":[11.2575,2.0075,11.6175,2.1175],"tintindex":0,"rotation":0,"texture":"#0"},"west":{"uv":[0.7575,11.5075,0.8675,11.6175],"tintindex":0,"rotation":0,"texture":"#0"},"up":{"uv":[11.6175,2.2425,11.2575,2.1325],"tintindex":0,"rotation":0,"texture":"#0"},"down":{"uv":[11.6175,2.2575,11.2575,2.3675],"tintindex":0,"rotation":0,"texture":"#0"}},"rotation":{"origin":[-4.218894,8.702209,-5.7590027],"angle":-45.0,"axis":"y"}},{"from":[4.2349796,-13.069908,-0.54271126],"to":[11.493979,-0.62590885,6.7162886],"faces":{"east":{"uv":[0.5075,9.1325,0.9925,9.8675],"tintindex":0,"rotation":0,"texture":"#0"},"south":{"uv":[1.0075,9.1325,1.4925,9.8675],"tintindex":0,"rotation":0,"texture":"#0"},"north":{"uv":[9.1325,0.0075,9.6175,0.7425],"tintindex":0,"rotation":0,"texture":"#0"},"west":{"uv":[1.5075,9.1325,1.9925,9.8675],"tintindex":0,"rotation":0,"texture":"#0"},"up":{"uv":[10.3675,7.1175,9.8825,6.6325],"tintindex":0,"rotation":0,"texture":"#0"},"down":{"uv":[7.2425,9.8825,6.7575,10.3675],"tintindex":0,"rotation":0,"texture":"#0"}},"rotation":{"origin":[-4.218894,8.702209,-5.7590027],"angle":-45.0,"axis":"x"}}],"display":{"gui":{"rotation":[-150.0,-45.0,180.0]}}}