{"textures":{"0":"modelengine:entity/dojo_guardian","particle":"#0"},"elements":[{"from":[17.037418,6.578805,-0.5853901],"to":[20.148418,7.875055,0.71086025],"faces":{"east":{"uv":[11.2575,11.3825,11.3675,11.4925],"tintindex":0,"rotation":0,"texture":"#0"},"south":{"uv":[11.1325,10.1325,11.4925,10.2425],"tintindex":0,"rotation":0,"texture":"#0"},"north":{"uv":[11.1325,10.0075,11.4925,10.1175],"tintindex":0,"rotation":0,"texture":"#0"},"west":{"uv":[11.3825,11.2575,11.4925,11.3675],"tintindex":0,"rotation":0,"texture":"#0"},"up":{"uv":[11.4925,10.3675,11.1325,10.2575],"tintindex":0,"rotation":0,"texture":"#0"},"down":{"uv":[10.7425,11.1325,10.3825,11.2425],"tintindex":0,"rotation":0,"texture":"#0"}},"rotation":{"origin":[2.0812902,16.21805,-1.9926481],"angle":-45.0,"axis":"y"}},{"from":[6.567477,5.083894,-1.2944822],"to":[7.085977,5.861644,-0.25748253],"faces":{"east":{"uv":[9.8825,4.5075,9.9925,4.6175],"tintindex":0,"rotation":0,"texture":"#0"},"south":{"uv":[10.1325,1.1325,10.2425,1.2425],"tintindex":0,"rotation":0,"texture":"#0"},"north":{"uv":[2.6325,9.7575,2.7425,9.8675],"tintindex":0,"rotation":0,"texture":"#0"},"west":{"uv":[10.2575,1.6325,10.3675,1.7425],"tintindex":0,"rotation":0,"texture":"#0"},"up":{"uv":[2.6175,10.3675,2.5075,10.2575],"tintindex":0,"rotation":0,"texture":"#0"},"down":{"uv":[1.9925,10.3825,1.8825,10.4925],"tintindex":0,"rotation":0,"texture":"#0"}},"rotation":{"origin":[2.0812902,16.21805,-1.9926481],"angle":-22.5,"axis":"x"}},{"from":[7.863727,5.083894,-1.2944822],"to":[8.382227,5.861644,-0.25748253],"faces":{"east":{"uv":[9.8825,4.5075,9.9925,4.6175],"tintindex":0,"rotation":0,"texture":"#0"},"south":{"uv":[10.1325,1.1325,10.2425,1.2425],"tintindex":0,"rotation":0,"texture":"#0"},"north":{"uv":[2.6325,9.7575,2.7425,9.8675],"tintindex":0,"rotation":0,"texture":"#0"},"west":{"uv":[10.2575,1.6325,10.3675,1.7425],"tintindex":0,"rotation":0,"texture":"#0"},"up":{"uv":[2.6175,10.3675,2.5075,10.2575],"tintindex":0,"rotation":0,"texture":"#0"},"down":{"uv":[1.9925,10.3825,1.8825,10.4925],"tintindex":0,"rotation":0,"texture":"#0"}},"rotation":{"origin":[2.0812902,16.21805,-1.9926481],"angle":-22.5,"axis":"x"}},{"from":[-0.90934086,6.319555,8.930308],"to":[2.2016592,8.134305,10.745058],"faces":{"east":{"uv":[11.3675,5.1325,11.1325,5.3675],"tintindex":0,"rotation":0,"texture":"#0"},"south":{"uv":[6.2425,10.7575,5.8825,10.9925],"tintindex":0,"rotation":0,"texture":"#0"},"north":{"uv":[5.8675,10.7575,5.5075,10.9925],"tintindex":0,"rotation":0,"texture":"#0"},"west":{"uv":[5.3675,11.1325,5.1325,11.3675],"tintindex":0,"rotation":0,"texture":"#0"},"up":{"uv":[6.2575,10.9925,6.6175,10.7575],"tintindex":0,"rotation":0,"texture":"#0"},"down":{"uv":[10.7575,6.3825,11.1175,6.6175],"tintindex":0,"rotation":0,"texture":"#0"}},"rotation":{"origin":[2.0812902,16.21805,-1.9926481],"angle":22.5,"axis":"y"}},{"from":[9.159977,5.083894,-1.2944822],"to":[9.678477,5.861644,-0.25748253],"faces":{"east":{"uv":[9.8825,4.5075,9.9925,4.6175],"tintindex":0,"rotation":0,"texture":"#0"},"south":{"uv":[10.1325,1.1325,10.2425,1.2425],"tintindex":0,"rotation":0,"texture":"#0"},"north":{"uv":[2.6325,9.7575,2.7425,9.8675],"tintindex":0,"rotation":0,"texture":"#0"},"west":{"uv":[10.2575,1.6325,10.3675,1.7425],"tintindex":0,"rotation":0,"texture":"#0"},"up":{"uv":[2.6175,10.3675,2.5075,10.2575],"tintindex":0,"rotation":0,"texture":"#0"},"down":{"uv":[1.9925,10.3825,1.8825,10.4925],"tintindex":0,"rotation":0,"texture":"#0"}},"rotation":{"origin":[2.0812902,16.21805,-1.9926481],"angle":-22.5,"axis":"x"}},{"from":[8.900727,6.3401246,3.575633],"to":[9.937727,7.377125,5.1311336],"faces":{"east":{"uv":[8.8825,1.7575,9.1175,1.8675],"tintindex":0,"rotation":0,"texture":"#0"},"south":{"uv":[10.7575,5.3825,10.8675,5.4925],"tintindex":0,"rotation":0,"texture":"#0"},"north":{"uv":[10.7575,1.8825,10.8675,1.9925],"tintindex":0,"rotation":0,"texture":"#0"},"west":{"uv":[9.1325,2.6325,9.3675,2.7425],"tintindex":0,"rotation":0,"texture":"#0"},"up":{"uv":[3.2425,4.8675,3.1325,4.6325],"tintindex":0,"rotation":0,"texture":"#0"},"down":{"uv":[3.2425,4.8825,3.1325,5.1175],"tintindex":0,"rotation":0,"texture":"#0"}}},{"from":[12.499615,6.319555,4.5650387],"to":[15.610615,8.134305,6.3797884],"faces":{"east":{"uv":[5.1325,11.1325,5.3675,11.3675],"tintindex":0,"rotation":0,"texture":"#0"},"south":{"uv":[5.8825,10.7575,6.2425,10.9925],"tintindex":0,"rotation":0,"texture":"#0"},"north":{"uv":[5.5075,10.7575,5.8675,10.9925],"tintindex":0,"rotation":0,"texture":"#0"},"west":{"uv":[11.1325,5.1325,11.3675,5.3675],"tintindex":0,"rotation":0,"texture":"#0"},"up":{"uv":[6.6175,10.9925,6.2575,10.7575],"tintindex":0,"rotation":0,"texture":"#0"},"down":{"uv":[11.1175,6.3825,10.7575,6.6175],"tintindex":0,"rotation":0,"texture":"#0"}},"rotation":{"origin":[2.0812902,16.21805,-1.9926481],"angle":-22.5,"axis":"y"}},{"from":[-7.9198694,6.578805,7.4805775],"to":[-4.8088694,7.875055,8.776827],"faces":{"east":{"uv":[11.4925,11.2575,11.3825,11.3675],"tintindex":0,"rotation":0,"texture":"#0"},"south":{"uv":[11.4925,10.1325,11.1325,10.2425],"tintindex":0,"rotation":0,"texture":"#0"},"north":{"uv":[11.4925,10.0075,11.1325,10.1175],"tintindex":0,"rotation":0,"texture":"#0"},"west":{"uv":[11.3675,11.3825,11.2575,11.4925],"tintindex":0,"rotation":0,"texture":"#0"},"up":{"uv":[11.1325,10.3675,11.4925,10.2575],"tintindex":0,"rotation":0,"texture":"#0"},"down":{"uv":[10.3825,11.1325,10.7425,11.2425],"tintindex":0,"rotation":0,"texture":"#0"}},"rotation":{"origin":[2.0812902,16.21805,-1.9926481],"angle":45.0,"axis":"y"}},{"from":[6.308227,6.2105,5.1311336],"to":[9.937727,8.2845,9.797634],"faces":{"east":{"uv":[10.2575,1.1325,10.8675,1.3675],"tintindex":0,"rotation":0,"texture":"#0"},"south":{"uv":[10.3825,9.5075,10.8675,9.7425],"tintindex":0,"rotation":0,"texture":"#0"},"north":{"uv":[10.3825,9.2575,10.8675,9.4925],"tintindex":0,"rotation":0,"texture":"#0"},"west":{"uv":[10.2575,1.3825,10.8675,1.6175],"tintindex":0,"rotation":0,"texture":"#0"},"up":{"uv":[4.3675,10.1175,3.8825,9.5075],"tintindex":0,"rotation":0,"texture":"#0"},"down":{"uv":[9.9925,3.8825,9.5075,4.4925],"tintindex":0,"rotation":0,"texture":"#0"}}},{"from":[6.308227,6.3401246,3.575633],"to":[7.3452272,7.377125,5.1311336],"faces":{"east":{"uv":[8.8825,1.7575,9.1175,1.8675],"tintindex":0,"rotation":0,"texture":"#0"},"south":{"uv":[10.7575,5.3825,10.8675,5.4925],"tintindex":0,"rotation":0,"texture":"#0"},"north":{"uv":[10.7575,1.8825,10.8675,1.9925],"tintindex":0,"rotation":0,"texture":"#0"},"west":{"uv":[9.1325,2.6325,9.3675,2.7425],"tintindex":0,"rotation":0,"texture":"#0"},"up":{"uv":[3.2425,4.8675,3.1325,4.6325],"tintindex":0,"rotation":0,"texture":"#0"},"down":{"uv":[3.2425,4.8825,3.1325,5.1175],"tintindex":0,"rotation":0,"texture":"#0"}}},{"from":[7.6044774,6.3401246,3.575633],"to":[8.641478,7.377125,5.1311336],"faces":{"east":{"uv":[8.8825,1.7575,9.1175,1.8675],"tintindex":0,"rotation":0,"texture":"#0"},"south":{"uv":[10.7575,5.3825,10.8675,5.4925],"tintindex":0,"rotation":0,"texture":"#0"},"north":{"uv":[10.7575,1.8825,10.8675,1.9925],"tintindex":0,"rotation":0,"texture":"#0"},"west":{"uv":[9.1325,2.6325,9.3675,2.7425],"tintindex":0,"rotation":0,"texture":"#0"},"up":{"uv":[3.2425,4.8675,3.1325,4.6325],"tintindex":0,"rotation":0,"texture":"#0"},"down":{"uv":[3.2425,4.8825,3.1325,5.1175],"tintindex":0,"rotation":0,"texture":"#0"}}}],"display":{"gui":{"rotation":[-150.0,-45.0,180.0]}}}