{"textures":{"0":"modelengine:entity/dojo_guardian","particle":"#0"},"elements":[{"from":[1.2018785,-13.533022,10.038904],"to":[7.4238787,-10.940521,12.631405],"faces":{"east":{"uv":[11.5075,0.1325,11.6175,0.2425],"tintindex":0,"rotation":0,"texture":"#0"},"south":{"uv":[11.2575,0.6325,11.6175,0.7425],"tintindex":0,"rotation":0,"texture":"#0"},"north":{"uv":[0.6325,11.2575,0.9925,11.3675],"tintindex":0,"rotation":0,"texture":"#0"},"west":{"uv":[0.2575,11.5075,0.3675,11.6175],"tintindex":0,"rotation":0,"texture":"#0"},"up":{"uv":[11.6175,0.8675,11.2575,0.7575],"tintindex":0,"rotation":0,"texture":"#0"},"down":{"uv":[11.6175,0.8825,11.2575,0.9925],"tintindex":0,"rotation":0,"texture":"#0"}},"rotation":{"origin":[-6.095377,4.9793053,16.897512],"angle":45.0,"axis":"z"}},{"from":[3.9139967,-1.2008028,5.204295],"to":[12.209997,13.317198,13.500295],"faces":{"east":{"uv":[7.2575,8.5075,7.7425,9.3675],"tintindex":0,"rotation":0,"texture":"#0"},"south":{"uv":[0.0075,8.6325,0.4925,9.4925],"tintindex":0,"rotation":0,"texture":"#0"},"north":{"uv":[8.5075,6.5075,8.9925,7.3675],"tintindex":0,"rotation":0,"texture":"#0"},"west":{"uv":[8.6325,0.0075,9.1175,0.8675],"tintindex":0,"rotation":0,"texture":"#0"},"up":{"uv":[10.1175,9.1175,9.6325,8.6325],"tintindex":0,"rotation":0,"texture":"#0"},"down":{"uv":[10.2425,1.2575,9.7575,1.7425],"tintindex":0,"rotation":0,"texture":"#0"}},"rotation":{"origin":[-6.095377,4.9793053,16.897512],"angle":-22.5,"axis":"x"}},{"from":[10.016378,-10.681271,7.381592],"to":[16.238379,-8.088772,9.9740925],"faces":{"east":{"uv":[11.5075,0.0075,11.6175,0.1175],"tintindex":0,"rotation":0,"texture":"#0"},"south":{"uv":[11.1325,11.1325,11.4925,11.2425],"tintindex":0,"rotation":0,"texture":"#0"},"north":{"uv":[11.1325,11.0075,11.4925,11.1175],"tintindex":0,"rotation":0,"texture":"#0"},"west":{"uv":[0.1325,11.5075,0.2425,11.6175],"tintindex":0,"rotation":0,"texture":"#0"},"up":{"uv":[0.6175,11.3675,0.2575,11.2575],"tintindex":0,"rotation":0,"texture":"#0"},"down":{"uv":[11.6175,0.5075,11.2575,0.6175],"tintindex":0,"rotation":0,"texture":"#0"}},"rotation":{"origin":[-6.095377,4.9793053,16.897512],"angle":45.0,"axis":"z"}},{"from":[5.987997,-0.8612852,12.907266],"to":[10.135998,3.2867146,17.055265],"faces":{"east":{"uv":[1.2575,5.1325,1.4925,5.3675],"tintindex":0,"rotation":0,"texture":"#0"},"south":{"uv":[1.0075,7.1325,1.2425,7.3675],"tintindex":0,"rotation":0,"texture":"#0"},"north":{"uv":[1.2575,4.8825,1.4925,5.1175],"tintindex":0,"rotation":0,"texture":"#0"},"west":{"uv":[1.0075,7.3825,1.2425,7.6175],"tintindex":0,"rotation":0,"texture":"#0"},"up":{"uv":[1.2425,7.8675,1.0075,7.6325],"tintindex":0,"rotation":0,"texture":"#0"},"down":{"uv":[8.1175,3.5075,7.8825,3.7425],"tintindex":0,"rotation":0,"texture":"#0"}},"rotation":{"origin":[-6.095377,4.9793053,16.897512],"angle":-22.5,"axis":"x"}},{"from":[7.543497,3.4720612,20.735022],"to":[8.580497,4.50906,22.809021],"faces":{"east":{"uv":[11.2575,9.8825,11.3675,9.9925],"tintindex":0,"rotation":0,"texture":"#0"},"south":{"uv":[10.0075,11.2575,10.1175,11.3675],"tintindex":0,"rotation":0,"texture":"#0"},"north":{"uv":[9.8825,11.2575,9.9925,11.3675],"tintindex":0,"rotation":0,"texture":"#0"},"west":{"uv":[10.1325,11.2575,10.2425,11.3675],"tintindex":0,"rotation":0,"texture":"#0"},"up":{"uv":[10.3675,11.3675,10.2575,11.2575],"tintindex":0,"rotation":0,"texture":"#0"},"down":{"uv":[10.4925,11.2575,10.3825,11.3675],"tintindex":0,"rotation":0,"texture":"#0"}},"rotation":{"origin":[-6.095377,4.9793053,16.897512],"angle":22.5,"axis":"x"}},{"from":[6.765747,0.5716753,17.864794],"to":[9.358247,3.164175,20.457294],"faces":{"east":{"uv":[9.2575,11.2575,9.3675,11.3675],"tintindex":0,"rotation":0,"texture":"#0"},"south":{"uv":[9.3825,11.2575,9.4925,11.3675],"tintindex":0,"rotation":0,"texture":"#0"},"north":{"uv":[9.1325,11.2575,9.2425,11.3675],"tintindex":0,"rotation":0,"texture":"#0"},"west":{"uv":[9.5075,11.2575,9.6175,11.3675],"tintindex":0,"rotation":0,"texture":"#0"},"up":{"uv":[9.7425,11.3675,9.6325,11.2575],"tintindex":0,"rotation":0,"texture":"#0"},"down":{"uv":[9.8675,11.2575,9.7575,11.3675],"tintindex":0,"rotation":0,"texture":"#0"}}},{"from":[9.061386,-4.2553043,6.8630915],"to":[15.283386,-0.62580395,10.492592],"faces":{"east":{"uv":[11.1325,6.1325,11.3675,6.3675],"tintindex":0,"rotation":0,"texture":"#0"},"south":{"uv":[8.7575,10.7575,9.1175,10.9925],"tintindex":0,"rotation":0,"texture":"#0"},"north":{"uv":[10.7575,8.3825,11.1175,8.6175],"tintindex":0,"rotation":0,"texture":"#0"},"west":{"uv":[11.1325,6.3825,11.3675,6.6175],"tintindex":0,"rotation":0,"texture":"#0"},"up":{"uv":[9.4925,10.9925,9.1325,10.7575],"tintindex":0,"rotation":0,"texture":"#0"},"down":{"uv":[9.8675,10.7575,9.5075,10.9925],"tintindex":0,"rotation":0,"texture":"#0"}},"rotation":{"origin":[-6.095377,4.9793053,16.897512],"angle":22.5,"axis":"z"}}],"display":{"gui":{"rotation":[-150.0,-45.0,180.0]}}}