{"textures":{"0":"modelengine:entity/dojo_guardian","particle":"#0"},"elements":[{"from":[5.5313377,5.3891096,2.086094],"to":[11.753339,9.01861,5.7155933],"faces":{"east":{"uv":[5.1325,11.1325,5.3675,11.3675],"tintindex":0,"rotation":0,"texture":"#0"},"south":{"uv":[5.8825,10.7575,6.2425,10.9925],"tintindex":0,"rotation":0,"texture":"#0"},"north":{"uv":[5.5075,10.7575,5.8675,10.9925],"tintindex":0,"rotation":0,"texture":"#0"},"west":{"uv":[11.1325,5.1325,11.3675,5.3675],"tintindex":0,"rotation":0,"texture":"#0"},"up":{"uv":[6.6175,10.9925,6.2575,10.7575],"tintindex":0,"rotation":0,"texture":"#0"},"down":{"uv":[11.1175,6.3825,10.7575,6.6175],"tintindex":0,"rotation":0,"texture":"#0"}},"rotation":{"origin":[-5.91142,25.1861,17.069204],"angle":-22.5,"axis":"y"}},{"from":[-3.5490131,5.90761,16.584007],"to":[2.672987,8.50011,19.176506],"faces":{"east":{"uv":[11.4925,11.2575,11.3825,11.3675],"tintindex":0,"rotation":0,"texture":"#0"},"south":{"uv":[11.4925,10.1325,11.1325,10.2425],"tintindex":0,"rotation":0,"texture":"#0"},"north":{"uv":[11.4925,10.0075,11.1325,10.1175],"tintindex":0,"rotation":0,"texture":"#0"},"west":{"uv":[11.3675,11.3825,11.2575,11.4925],"tintindex":0,"rotation":0,"texture":"#0"},"up":{"uv":[11.1325,10.3675,11.4925,10.2575],"tintindex":0,"rotation":0,"texture":"#0"},"down":{"uv":[10.3825,11.1325,10.7425,11.2425],"tintindex":0,"rotation":0,"texture":"#0"}},"rotation":{"origin":[-5.91142,25.1861,17.069204],"angle":45.0,"axis":"y"}},{"from":[4.616454,5.170999,1.7622662],"to":[11.875455,9.318999,11.095266],"faces":{"east":{"uv":[2.6325,5.2575,3.2425,5.4925],"tintindex":0,"rotation":0,"texture":"#0"},"south":{"uv":[10.2575,8.3825,10.7425,8.6175],"tintindex":0,"rotation":0,"texture":"#0"},"north":{"uv":[7.0075,6.5075,7.4925,6.7425],"tintindex":0,"rotation":0,"texture":"#0"},"west":{"uv":[10.1325,6.3825,10.7425,6.6175],"tintindex":0,"rotation":0,"texture":"#0"},"up":{"uv":[9.6175,9.2425,9.1325,8.6325],"tintindex":0,"rotation":0,"texture":"#0"},"down":{"uv":[8.2425,9.2575,7.7575,9.8675],"tintindex":0,"rotation":0,"texture":"#0"}}},{"from":[5.1349545,14.227805,-8.839264],"to":[6.171954,15.783305,-6.7652626],"faces":{"east":{"uv":[9.8825,4.5075,9.9925,4.6175],"tintindex":0,"rotation":0,"texture":"#0"},"south":{"uv":[10.1325,1.1325,10.2425,1.2425],"tintindex":0,"rotation":0,"texture":"#0"},"north":{"uv":[2.6325,9.7575,2.7425,9.8675],"tintindex":0,"rotation":0,"texture":"#0"},"west":{"uv":[10.2575,1.6325,10.3675,1.7425],"tintindex":0,"rotation":0,"texture":"#0"},"up":{"uv":[2.6175,10.3675,2.5075,10.2575],"tintindex":0,"rotation":0,"texture":"#0"},"down":{"uv":[1.9925,10.3825,1.8825,10.4925],"tintindex":0,"rotation":0,"texture":"#0"}},"rotation":{"origin":[-5.91142,25.1861,17.069204],"angle":-22.5,"axis":"x"}},{"from":[4.569186,5.90761,-2.4810066],"to":[10.791186,8.50011,0.111494064],"faces":{"east":{"uv":[11.2575,11.3825,11.3675,11.4925],"tintindex":0,"rotation":0,"texture":"#0"},"south":{"uv":[11.1325,10.1325,11.4925,10.2425],"tintindex":0,"rotation":0,"texture":"#0"},"north":{"uv":[11.1325,10.0075,11.4925,10.1175],"tintindex":0,"rotation":0,"texture":"#0"},"west":{"uv":[11.3825,11.2575,11.4925,11.3675],"tintindex":0,"rotation":0,"texture":"#0"},"up":{"uv":[11.4925,10.3675,11.1325,10.2575],"tintindex":0,"rotation":0,"texture":"#0"},"down":{"uv":[10.7425,11.1325,10.3825,11.2425],"tintindex":0,"rotation":0,"texture":"#0"}},"rotation":{"origin":[-5.91142,25.1861,17.069204],"angle":-45.0,"axis":"y"}},{"from":[7.208954,5.430249,-1.3487339],"to":[9.282954,7.504249,1.7622662],"faces":{"east":{"uv":[8.8825,1.7575,9.1175,1.8675],"tintindex":0,"rotation":0,"texture":"#0"},"south":{"uv":[10.7575,5.3825,10.8675,5.4925],"tintindex":0,"rotation":0,"texture":"#0"},"north":{"uv":[10.7575,1.8825,10.8675,1.9925],"tintindex":0,"rotation":0,"texture":"#0"},"west":{"uv":[9.1325,2.6325,9.3675,2.7425],"tintindex":0,"rotation":0,"texture":"#0"},"up":{"uv":[3.2425,4.8675,3.1325,4.6325],"tintindex":0,"rotation":0,"texture":"#0"},"down":{"uv":[3.2425,4.8825,3.1325,5.1175],"tintindex":0,"rotation":0,"texture":"#0"}}},{"from":[4.616454,5.430249,-1.3487339],"to":[6.6904535,7.504249,1.7622662],"faces":{"east":{"uv":[8.8825,1.7575,9.1175,1.8675],"tintindex":0,"rotation":0,"texture":"#0"},"south":{"uv":[10.7575,5.3825,10.8675,5.4925],"tintindex":0,"rotation":0,"texture":"#0"},"north":{"uv":[10.7575,1.8825,10.8675,1.9925],"tintindex":0,"rotation":0,"texture":"#0"},"west":{"uv":[9.1325,2.6325,9.3675,2.7425],"tintindex":0,"rotation":0,"texture":"#0"},"up":{"uv":[3.2425,4.8675,3.1325,4.6325],"tintindex":0,"rotation":0,"texture":"#0"},"down":{"uv":[3.2425,4.8825,3.1325,5.1175],"tintindex":0,"rotation":0,"texture":"#0"}}},{"from":[10.319955,14.227805,-8.839264],"to":[11.356954,15.783305,-6.7652626],"faces":{"east":{"uv":[9.8825,4.5075,9.9925,4.6175],"tintindex":0,"rotation":0,"texture":"#0"},"south":{"uv":[10.1325,1.1325,10.2425,1.2425],"tintindex":0,"rotation":0,"texture":"#0"},"north":{"uv":[2.6325,9.7575,2.7425,9.8675],"tintindex":0,"rotation":0,"texture":"#0"},"west":{"uv":[10.2575,1.6325,10.3675,1.7425],"tintindex":0,"rotation":0,"texture":"#0"},"up":{"uv":[2.6175,10.3675,2.5075,10.2575],"tintindex":0,"rotation":0,"texture":"#0"},"down":{"uv":[1.9925,10.3825,1.8825,10.4925],"tintindex":0,"rotation":0,"texture":"#0"}},"rotation":{"origin":[-5.91142,25.1861,17.069204],"angle":-22.5,"axis":"x"}},{"from":[9.801454,5.430249,-1.3487339],"to":[11.875455,7.504249,1.7622662],"faces":{"east":{"uv":[8.8825,1.7575,9.1175,1.8675],"tintindex":0,"rotation":0,"texture":"#0"},"south":{"uv":[10.7575,5.3825,10.8675,5.4925],"tintindex":0,"rotation":0,"texture":"#0"},"north":{"uv":[10.7575,1.8825,10.8675,1.9925],"tintindex":0,"rotation":0,"texture":"#0"},"west":{"uv":[9.1325,2.6325,9.3675,2.7425],"tintindex":0,"rotation":0,"texture":"#0"},"up":{"uv":[3.2425,4.8675,3.1325,4.6325],"tintindex":0,"rotation":0,"texture":"#0"},"down":{"uv":[3.2425,4.8825,3.1325,5.1175],"tintindex":0,"rotation":0,"texture":"#0"}}},{"from":[7.727454,14.227805,-8.839264],"to":[8.764454,15.783305,-6.7652626],"faces":{"east":{"uv":[9.8825,4.5075,9.9925,4.6175],"tintindex":0,"rotation":0,"texture":"#0"},"south":{"uv":[10.1325,1.1325,10.2425,1.2425],"tintindex":0,"rotation":0,"texture":"#0"},"north":{"uv":[2.6325,9.7575,2.7425,9.8675],"tintindex":0,"rotation":0,"texture":"#0"},"west":{"uv":[10.2575,1.6325,10.3675,1.7425],"tintindex":0,"rotation":0,"texture":"#0"},"up":{"uv":[2.6175,10.3675,2.5075,10.2575],"tintindex":0,"rotation":0,"texture":"#0"},"down":{"uv":[1.9925,10.3825,1.8825,10.4925],"tintindex":0,"rotation":0,"texture":"#0"}},"rotation":{"origin":[-5.91142,25.1861,17.069204],"angle":-22.5,"axis":"x"}},{"from":[1.3334622,5.3891096,12.404004],"to":[7.555462,9.01861,16.033504],"faces":{"east":{"uv":[11.3675,5.1325,11.1325,5.3675],"tintindex":0,"rotation":0,"texture":"#0"},"south":{"uv":[6.2425,10.7575,5.8825,10.9925],"tintindex":0,"rotation":0,"texture":"#0"},"north":{"uv":[5.8675,10.7575,5.5075,10.9925],"tintindex":0,"rotation":0,"texture":"#0"},"west":{"uv":[5.3675,11.1325,5.1325,11.3675],"tintindex":0,"rotation":0,"texture":"#0"},"up":{"uv":[6.2575,10.9925,6.6175,10.7575],"tintindex":0,"rotation":0,"texture":"#0"},"down":{"uv":[10.7575,6.3825,11.1175,6.6175],"tintindex":0,"rotation":0,"texture":"#0"}},"rotation":{"origin":[-5.91142,25.1861,17.069204],"angle":22.5,"axis":"y"}}],"display":{"gui":{"rotation":[-150.0,-45.0,180.0]}}}