{"textures":{"0":"modelengine:entity/dojo_guardian","particle":"#0"},"elements":[{"from":[24.428728,7.6020784,2.319538],"to":[27.539728,8.898329,3.6157875],"faces":{"east":{"uv":[1.2575,11.5075,1.3675,11.6175],"tintindex":0,"rotation":0,"texture":"#0"},"south":{"uv":[3.2575,11.2575,3.6175,11.3675],"tintindex":0,"rotation":0,"texture":"#0"},"north":{"uv":[11.2575,3.1325,11.6175,3.2425],"tintindex":0,"rotation":0,"texture":"#0"},"west":{"uv":[1.3825,11.5075,1.4925,11.6175],"tintindex":0,"rotation":0,"texture":"#0"},"up":{"uv":[11.6175,3.3675,11.2575,3.2575],"tintindex":0,"rotation":0,"texture":"#0"},"down":{"uv":[11.6175,3.3825,11.2575,3.4925],"tintindex":0,"rotation":0,"texture":"#0"}},"rotation":{"origin":[8.0,5.2834177,-10.837313],"angle":-45.0,"axis":"y"}},{"from":[-11.539728,7.6020784,2.319538],"to":[-8.428728,8.898329,3.6157875],"faces":{"east":{"uv":[1.4925,11.5075,1.3825,11.6175],"tintindex":0,"rotation":0,"texture":"#0"},"south":{"uv":[3.6175,11.2575,3.2575,11.3675],"tintindex":0,"rotation":0,"texture":"#0"},"north":{"uv":[11.6175,3.1325,11.2575,3.2425],"tintindex":0,"rotation":0,"texture":"#0"},"west":{"uv":[1.3675,11.5075,1.2575,11.6175],"tintindex":0,"rotation":0,"texture":"#0"},"up":{"uv":[11.2575,3.3675,11.6175,3.2575],"tintindex":0,"rotation":0,"texture":"#0"},"down":{"uv":[11.2575,3.3825,11.6175,3.4925],"tintindex":0,"rotation":0,"texture":"#0"}},"rotation":{"origin":[8.0,5.2834177,-10.837313],"angle":45.0,"axis":"y"}},{"from":[5.66675,5.8914204,7.8457975],"to":[10.33325,9.52092,14.067797],"faces":{"east":{"uv":[1.2575,6.5075,1.9925,6.9925],"tintindex":0,"rotation":0,"texture":"#0"},"south":{"uv":[9.5075,6.1325,10.1175,6.6175],"tintindex":0,"rotation":0,"texture":"#0"},"north":{"uv":[5.3825,9.5075,5.9925,9.9925],"tintindex":0,"rotation":0,"texture":"#0"},"west":{"uv":[9.1325,1.7575,9.8675,2.2425],"tintindex":0,"rotation":0,"texture":"#0"},"up":{"uv":[9.1175,5.7425,8.5075,5.0075],"tintindex":0,"rotation":0,"texture":"#0"},"down":{"uv":[9.1175,5.7575,8.5075,6.4925],"tintindex":0,"rotation":0,"texture":"#0"}}},{"from":[7.22225,17.69627,9.147358],"to":[8.77775,19.77027,10.702858],"faces":{"east":{"uv":[1.3825,11.0075,1.6175,11.2425],"tintindex":0,"rotation":0,"texture":"#0"},"south":{"uv":[1.6325,11.0075,1.8675,11.2425],"tintindex":0,"rotation":0,"texture":"#0"},"north":{"uv":[1.1325,11.0075,1.3675,11.2425],"tintindex":0,"rotation":0,"texture":"#0"},"west":{"uv":[1.8825,11.0075,2.1175,11.2425],"tintindex":0,"rotation":0,"texture":"#0"},"up":{"uv":[2.3675,11.2425,2.1325,11.0075],"tintindex":0,"rotation":0,"texture":"#0"},"down":{"uv":[11.2425,2.1325,11.0075,2.3675],"tintindex":0,"rotation":0,"texture":"#0"}},"rotation":{"origin":[8.0,5.2834177,-10.837313],"angle":22.5,"axis":"x"}},{"from":[7.22225,17.17777,6.554858],"to":[8.77775,19.25177,8.110358],"faces":{"east":{"uv":[1.3825,11.0075,1.6175,11.2425],"tintindex":0,"rotation":0,"texture":"#0"},"south":{"uv":[1.6325,11.0075,1.8675,11.2425],"tintindex":0,"rotation":0,"texture":"#0"},"north":{"uv":[1.1325,11.0075,1.3675,11.2425],"tintindex":0,"rotation":0,"texture":"#0"},"west":{"uv":[1.8825,11.0075,2.1175,11.2425],"tintindex":0,"rotation":0,"texture":"#0"},"up":{"uv":[2.3675,11.2425,2.1325,11.0075],"tintindex":0,"rotation":0,"texture":"#0"},"down":{"uv":[11.2425,2.1325,11.0075,2.3675],"tintindex":0,"rotation":0,"texture":"#0"}},"rotation":{"origin":[8.0,5.2834177,-10.837313],"angle":22.5,"axis":"x"}},{"from":[5.4075003,6.931672,7.843625],"to":[10.5925,10.042672,15.102625],"faces":{"east":{"uv":[9.1325,5.3825,9.9925,5.7425],"tintindex":0,"rotation":0,"texture":"#0"},"south":{"uv":[10.0075,7.6325,10.6175,7.9925],"tintindex":0,"rotation":0,"texture":"#0"},"north":{"uv":[10.0075,5.7575,10.6175,6.1175],"tintindex":0,"rotation":0,"texture":"#0"},"west":{"uv":[9.1325,5.7575,9.9925,6.1175],"tintindex":0,"rotation":0,"texture":"#0"},"up":{"uv":[8.6175,9.2425,8.0075,8.3825],"tintindex":0,"rotation":0,"texture":"#0"},"down":{"uv":[9.1175,1.8825,8.5075,2.7425],"tintindex":0,"rotation":0,"texture":"#0"}}}],"display":{"gui":{"rotation":[-150.0,-45.0,180.0]}}}