{"textures":{"0":"modelengine:entity/dojo_guardian","particle":"#0"},"elements":[{"from":[5.926,7.335494,8.444445],"to":[10.073999,9.409494,17.777445],"faces":{"east":{"uv":[9.6325,0.0075,10.7425,0.2425],"tintindex":0,"rotation":0,"texture":"#0"},"south":{"uv":[10.5075,3.1325,10.9925,3.3675],"tintindex":0,"rotation":0,"texture":"#0"},"north":{"uv":[10.5075,2.5075,10.9925,2.7425],"tintindex":0,"rotation":0,"texture":"#0"},"west":{"uv":[9.6325,0.2575,10.7425,0.4925],"tintindex":0,"rotation":0,"texture":"#0"},"up":{"uv":[4.9925,9.1175,4.5075,8.0075],"tintindex":0,"rotation":0,"texture":"#0"},"down":{"uv":[5.4925,8.0075,5.0075,9.1175],"tintindex":0,"rotation":0,"texture":"#0"}}},{"from":[28.34577,7.8539944,5.346184],"to":[31.45677,8.890994,11.568184],"faces":{"east":{"uv":[11.1175,10.0075,10.3825,10.1175],"tintindex":0,"rotation":0,"texture":"#0"},"south":{"uv":[11.2425,9.8825,10.8825,9.9925],"tintindex":0,"rotation":0,"texture":"#0"},"north":{"uv":[10.9925,3.0075,10.6325,3.1175],"tintindex":0,"rotation":0,"texture":"#0"},"west":{"uv":[10.9925,0.7575,10.2575,0.8675],"tintindex":0,"rotation":0,"texture":"#0"},"up":{"uv":[6.0075,10.3675,6.3675,9.6325],"tintindex":0,"rotation":0,"texture":"#0"},"down":{"uv":[6.3825,9.6325,6.7425,10.3675],"tintindex":0,"rotation":0,"texture":"#0"}},"rotation":{"origin":[8.0,5.42799,-17.495493],"angle":-45.0,"axis":"y"}},{"from":[-13.817894,7.9998226,12.411051],"to":[-9.669895,8.777573,14.485052],"faces":{"east":{"uv":[11.4925,8.2575,11.2575,8.3675],"tintindex":0,"rotation":0,"texture":"#0"},"south":{"uv":[8.4925,1.8825,8.0075,1.9925],"tintindex":0,"rotation":0,"texture":"#0"},"north":{"uv":[2.4925,5.3825,2.0075,5.4925],"tintindex":0,"rotation":0,"texture":"#0"},"west":{"uv":[8.4925,11.2575,8.2575,11.3675],"tintindex":0,"rotation":0,"texture":"#0"},"up":{"uv":[10.5075,3.6175,10.9925,3.3825],"tintindex":0,"rotation":0,"texture":"#0"},"down":{"uv":[10.5075,3.8825,10.9925,4.1175],"tintindex":0,"rotation":0,"texture":"#0"}},"rotation":{"origin":[8.0,5.42799,-17.495493],"angle":22.5,"axis":"y"}},{"from":[25.669895,7.9998226,12.411051],"to":[29.817894,8.777573,14.485052],"faces":{"east":{"uv":[8.2575,11.2575,8.4925,11.3675],"tintindex":0,"rotation":0,"texture":"#0"},"south":{"uv":[8.0075,1.8825,8.4925,1.9925],"tintindex":0,"rotation":0,"texture":"#0"},"north":{"uv":[2.0075,5.3825,2.4925,5.4925],"tintindex":0,"rotation":0,"texture":"#0"},"west":{"uv":[11.2575,8.2575,11.4925,8.3675],"tintindex":0,"rotation":0,"texture":"#0"},"up":{"uv":[10.9925,3.6175,10.5075,3.3825],"tintindex":0,"rotation":0,"texture":"#0"},"down":{"uv":[10.9925,3.8825,10.5075,4.1175],"tintindex":0,"rotation":0,"texture":"#0"}},"rotation":{"origin":[8.0,5.42799,-17.495493],"angle":-22.5,"axis":"y"}},{"from":[7.22225,18.35934,5.600178],"to":[8.77775,20.433342,7.155678],"faces":{"east":{"uv":[1.3825,11.0075,1.6175,11.2425],"tintindex":0,"rotation":0,"texture":"#0"},"south":{"uv":[1.6325,11.0075,1.8675,11.2425],"tintindex":0,"rotation":0,"texture":"#0"},"north":{"uv":[1.1325,11.0075,1.3675,11.2425],"tintindex":0,"rotation":0,"texture":"#0"},"west":{"uv":[1.8825,11.0075,2.1175,11.2425],"tintindex":0,"rotation":0,"texture":"#0"},"up":{"uv":[2.3675,11.2425,2.1325,11.0075],"tintindex":0,"rotation":0,"texture":"#0"},"down":{"uv":[11.2425,2.1325,11.0075,2.3675],"tintindex":0,"rotation":0,"texture":"#0"}},"rotation":{"origin":[8.0,5.42799,-17.495493],"angle":22.5,"axis":"x"}},{"from":[7.22225,19.396343,8.711178],"to":[8.77775,21.47034,10.266678],"faces":{"east":{"uv":[1.3825,11.0075,1.6175,11.2425],"tintindex":0,"rotation":0,"texture":"#0"},"south":{"uv":[1.6325,11.0075,1.8675,11.2425],"tintindex":0,"rotation":0,"texture":"#0"},"north":{"uv":[1.1325,11.0075,1.3675,11.2425],"tintindex":0,"rotation":0,"texture":"#0"},"west":{"uv":[1.8825,11.0075,2.1175,11.2425],"tintindex":0,"rotation":0,"texture":"#0"},"up":{"uv":[2.3675,11.2425,2.1325,11.0075],"tintindex":0,"rotation":0,"texture":"#0"},"down":{"uv":[11.2425,2.1325,11.0075,2.3675],"tintindex":0,"rotation":0,"texture":"#0"}},"rotation":{"origin":[8.0,5.42799,-17.495493],"angle":22.5,"axis":"x"}},{"from":[6.4445,7.8539944,17.777445],"to":[9.5555,8.890994,19.851446],"faces":{"east":{"uv":[11.2575,8.6325,11.4925,8.7425],"tintindex":0,"rotation":0,"texture":"#0"},"south":{"uv":[7.7575,11.1325,8.1175,11.2425],"tintindex":0,"rotation":0,"texture":"#0"},"north":{"uv":[11.0075,1.0075,11.3675,1.1175],"tintindex":0,"rotation":0,"texture":"#0"},"west":{"uv":[8.7575,11.2575,8.9925,11.3675],"tintindex":0,"rotation":0,"texture":"#0"},"up":{"uv":[10.8675,10.8675,10.5075,10.6325],"tintindex":0,"rotation":0,"texture":"#0"},"down":{"uv":[11.1175,0.0075,10.7575,0.2425],"tintindex":0,"rotation":0,"texture":"#0"}}},{"from":[7.22225,20.433342,11.3036785],"to":[8.77775,22.507343,12.859179],"faces":{"east":{"uv":[1.3825,11.0075,1.6175,11.2425],"tintindex":0,"rotation":0,"texture":"#0"},"south":{"uv":[1.6325,11.0075,1.8675,11.2425],"tintindex":0,"rotation":0,"texture":"#0"},"north":{"uv":[1.1325,11.0075,1.3675,11.2425],"tintindex":0,"rotation":0,"texture":"#0"},"west":{"uv":[1.8825,11.0075,2.1175,11.2425],"tintindex":0,"rotation":0,"texture":"#0"},"up":{"uv":[2.3675,11.2425,2.1325,11.0075],"tintindex":0,"rotation":0,"texture":"#0"},"down":{"uv":[11.2425,2.1325,11.0075,2.3675],"tintindex":0,"rotation":0,"texture":"#0"}},"rotation":{"origin":[8.0,5.42799,-17.495493],"angle":22.5,"axis":"x"}},{"from":[6.1852503,6.554492,6.9877415],"to":[9.81475,9.146993,16.320742],"faces":{"east":{"uv":[8.5075,7.3825,9.6175,7.7425],"tintindex":0,"rotation":0,"texture":"#0"},"south":{"uv":[9.6325,10.1325,10.1175,10.4925],"tintindex":0,"rotation":0,"texture":"#0"},"north":{"uv":[10.1325,8.6325,10.6175,8.9925],"tintindex":0,"rotation":0,"texture":"#0"},"west":{"uv":[8.8825,7.7575,9.9925,8.1175],"tintindex":0,"rotation":0,"texture":"#0"},"up":{"uv":[3.1175,5.2425,2.6325,4.1325],"tintindex":0,"rotation":0,"texture":"#0"},"down":{"uv":[4.4925,8.0075,4.0075,9.1175],"tintindex":0,"rotation":0,"texture":"#0"}}},{"from":[-14.909977,7.7466507,0.06860733],"to":[-11.798977,9.042901,1.3648577],"faces":{"east":{"uv":[1.4925,11.5075,1.3825,11.6175],"tintindex":0,"rotation":0,"texture":"#0"},"south":{"uv":[3.6175,11.2575,3.2575,11.3675],"tintindex":0,"rotation":0,"texture":"#0"},"north":{"uv":[11.6175,3.1325,11.2575,3.2425],"tintindex":0,"rotation":0,"texture":"#0"},"west":{"uv":[1.3675,11.5075,1.2575,11.6175],"tintindex":0,"rotation":0,"texture":"#0"},"up":{"uv":[11.2575,3.3675,11.6175,3.2575],"tintindex":0,"rotation":0,"texture":"#0"},"down":{"uv":[11.2575,3.3825,11.6175,3.4925],"tintindex":0,"rotation":0,"texture":"#0"}},"rotation":{"origin":[8.0,5.42799,-17.495493],"angle":45.0,"axis":"y"}},{"from":[27.798977,7.7466507,0.06860733],"to":[30.909977,9.042901,1.3648577],"faces":{"east":{"uv":[1.2575,11.5075,1.3675,11.6175],"tintindex":0,"rotation":0,"texture":"#0"},"south":{"uv":[3.2575,11.2575,3.6175,11.3675],"tintindex":0,"rotation":0,"texture":"#0"},"north":{"uv":[11.2575,3.1325,11.6175,3.2425],"tintindex":0,"rotation":0,"texture":"#0"},"west":{"uv":[1.3825,11.5075,1.4925,11.6175],"tintindex":0,"rotation":0,"texture":"#0"},"up":{"uv":[11.6175,3.3675,11.2575,3.2575],"tintindex":0,"rotation":0,"texture":"#0"},"down":{"uv":[11.6175,3.3825,11.2575,3.4925],"tintindex":0,"rotation":0,"texture":"#0"}},"rotation":{"origin":[8.0,5.42799,-17.495493],"angle":-45.0,"axis":"y"}},{"from":[-15.45677,7.8539944,5.346184],"to":[-12.34577,8.890994,11.568184],"faces":{"east":{"uv":[10.2575,0.7575,10.9925,0.8675],"tintindex":0,"rotation":0,"texture":"#0"},"south":{"uv":[10.8825,9.8825,11.2425,9.9925],"tintindex":0,"rotation":0,"texture":"#0"},"north":{"uv":[10.6325,3.0075,10.9925,3.1175],"tintindex":0,"rotation":0,"texture":"#0"},"west":{"uv":[10.3825,10.0075,11.1175,10.1175],"tintindex":0,"rotation":0,"texture":"#0"},"up":{"uv":[6.3675,10.3675,6.0075,9.6325],"tintindex":0,"rotation":0,"texture":"#0"},"down":{"uv":[6.7425,9.6325,6.3825,10.3675],"tintindex":0,"rotation":0,"texture":"#0"}},