{"textures":{"0":"modelengine:entity/dojo_guardian","particle":"#0"},"elements":[{"from":[20.280727,8.342654,4.3681974],"to":[23.391727,9.638905,5.6644473],"faces":{"east":{"uv":[1.2575,11.5075,1.3675,11.6175],"tintindex":0,"rotation":0,"texture":"#0"},"south":{"uv":[3.2575,11.2575,3.6175,11.3675],"tintindex":0,"rotation":0,"texture":"#0"},"north":{"uv":[11.2575,3.1325,11.6175,3.2425],"tintindex":0,"rotation":0,"texture":"#0"},"west":{"uv":[1.3825,11.5075,1.4925,11.6175],"tintindex":0,"rotation":0,"texture":"#0"},"up":{"uv":[11.6175,3.3675,11.2575,3.2575],"tintindex":0,"rotation":0,"texture":"#0"},"down":{"uv":[11.6175,3.3825,11.2575,3.4925],"tintindex":0,"rotation":0,"texture":"#0"}},"rotation":{"origin":[8.0,4.986994,-3.603653],"angle":-45.0,"axis":"y"}},{"from":[5.4075003,5.338998,7.818284],"to":[10.5925,9.486998,15.077285],"faces":{"east":{"uv":[4.5075,2.0075,5.3675,2.4925],"tintindex":0,"rotation":0,"texture":"#0"},"south":{"uv":[9.1325,8.1325,9.7425,8.6175],"tintindex":0,"rotation":0,"texture":"#0"},"north":{"uv":[6.2575,9.1325,6.8675,9.6175],"tintindex":0,"rotation":0,"texture":"#0"},"west":{"uv":[8.1325,4.1325,8.9925,4.6175],"tintindex":0,"rotation":0,"texture":"#0"},"up":{"uv":[8.4925,6.4925,7.8825,5.6325],"tintindex":0,"rotation":0,"texture":"#0"},"down":{"uv":[8.6175,0.0075,8.0075,0.8675],"tintindex":0,"rotation":0,"texture":"#0"}}},{"from":[7.22225,16.103596,9.899768],"to":[8.77775,18.177597,11.455268],"faces":{"east":{"uv":[1.3825,11.0075,1.6175,11.2425],"tintindex":0,"rotation":0,"texture":"#0"},"south":{"uv":[1.6325,11.0075,1.8675,11.2425],"tintindex":0,"rotation":0,"texture":"#0"},"north":{"uv":[1.1325,11.0075,1.3675,11.2425],"tintindex":0,"rotation":0,"texture":"#0"},"west":{"uv":[1.8825,11.0075,2.1175,11.2425],"tintindex":0,"rotation":0,"texture":"#0"},"up":{"uv":[2.3675,11.2425,2.1325,11.0075],"tintindex":0,"rotation":0,"texture":"#0"},"down":{"uv":[11.2425,2.1325,11.0075,2.3675],"tintindex":0,"rotation":0,"texture":"#0"}},"rotation":{"origin":[8.0,4.986994,-3.603653],"angle":22.5,"axis":"x"}},{"from":[7.22225,15.325847,6.788768],"to":[8.77775,17.399845,8.344268],"faces":{"east":{"uv":[1.3825,11.0075,1.6175,11.2425],"tintindex":0,"rotation":0,"texture":"#0"},"south":{"uv":[1.6325,11.0075,1.8675,11.2425],"tintindex":0,"rotation":0,"texture":"#0"},"north":{"uv":[1.1325,11.0075,1.3675,11.2425],"tintindex":0,"rotation":0,"texture":"#0"},"west":{"uv":[1.8825,11.0075,2.1175,11.2425],"tintindex":0,"rotation":0,"texture":"#0"},"up":{"uv":[2.3675,11.2425,2.1325,11.0075],"tintindex":0,"rotation":0,"texture":"#0"},"down":{"uv":[11.2425,2.1325,11.0075,2.3675],"tintindex":0,"rotation":0,"texture":"#0"}},"rotation":{"origin":[8.0,4.986994,-3.603653],"angle":22.5,"axis":"x"}},{"from":[4.889,7.412998,8.855285],"to":[11.111,10.523998,16.114285],"faces":{"east":{"uv":[9.1325,5.0075,9.9925,5.3675],"tintindex":0,"rotation":0,"texture":"#0"},"south":{"uv":[9.3825,3.1325,10.1175,3.4925],"tintindex":0,"rotation":0,"texture":"#0"},"north":{"uv":[6.2575,5.6325,6.9925,5.9925],"tintindex":0,"rotation":0,"texture":"#0"},"west":{"uv":[5.3825,9.1325,6.2425,9.4925],"tintindex":0,"rotation":0,"texture":"#0"},"up":{"uv":[7.9925,0.8675,7.2575,0.0075],"tintindex":0,"rotation":0,"texture":"#0"},"down":{"uv":[8.1175,3.7575,7.3825,4.6175],"tintindex":0,"rotation":0,"texture":"#0"}}},{"from":[-7.3917274,8.342654,4.3681974],"to":[-4.2807274,9.638905,5.6644473],"faces":{"east":{"uv":[1.4925,11.5075,1.3825,11.6175],"tintindex":0,"rotation":0,"texture":"#0"},"south":{"uv":[3.6175,11.2575,3.2575,11.3675],"tintindex":0,"rotation":0,"texture":"#0"},"north":{"uv":[11.6175,3.1325,11.2575,3.2425],"tintindex":0,"rotation":0,"texture":"#0"},"west":{"uv":[1.3675,11.5075,1.2575,11.6175],"tintindex":0,"rotation":0,"texture":"#0"},"up":{"uv":[11.2575,3.3675,11.6175,3.2575],"tintindex":0,"rotation":0,"texture":"#0"},"down":{"uv":[11.2575,3.3825,11.6175,3.4925],"tintindex":0,"rotation":0,"texture":"#0"}},"rotation":{"origin":[8.0,4.986994,-3.603653],"angle":45.0,"axis":"y"}}],"display":{"gui":{"rotation":[-150.0,-45.0,180.0]}}}