{"textures":{"0":"modelengine:entity/mega_warden_invis","particle":"#0"},"elements":[{"from":[5.0,-1.000001,6.0],"to":[10.0,8.0,11.0],"faces":{"east":{"uv":[7.252,7.627,7.5605,8.1855],"tintindex":0,"rotation":0,"texture":"#0"},"south":{"uv":[7.5645,7.627,7.873,8.1855],"tintindex":0,"rotation":0,"texture":"#0"},"north":{"uv":[7.627,6.0645,7.9355,6.623],"tintindex":0,"rotation":0,"texture":"#0"},"west":{"uv":[7.6895,0.627,7.998,1.1855],"tintindex":0,"rotation":0,"texture":"#0"},"up":{"uv":[8.1855,8.123,7.877,7.8145],"tintindex":0,"rotation":0,"texture":"#0"},"down":{"uv":[2.998,7.9395,2.6895,8.248],"tintindex":0,"rotation":0,"texture":"#0"}}},{"from":[3.8786793,7.121319,6.0],"to":[3.8786793,13.121319,11.0],"faces":{"east":{"uv":[3.1895,7.1895,3.498,7.5605],"tintindex":0,"rotation":0,"texture":"#0"},"west":{"uv":[3.498,7.1895,3.1895,7.5605],"tintindex":0,"rotation":0,"texture":"#0"}},"rotation":{"origin":[3.8786793,10.121319,8.0],"angle":45.0,"axis":"z"}},{"from":[1.0000019,-1.000001,9.0],"to":[5.0,8.0,9.0],"faces":{"south":{"uv":[2.4355,7.6895,2.1895,8.248],"tintindex":0,"rotation":0,"texture":"#0"},"north":{"uv":[2.1895,7.6895,2.4355,8.248],"tintindex":0,"rotation":0,"texture":"#0"}}}],"display":{"gui":{"rotation":[-150.0,-45.0,180.0]}}}