{"textures":{"0":"modelengine:entity/mega_warden_invis","particle":"#0"},"elements":[{"from":[8.0,-6.7768555,1.6354923],"to":[18.0,12.223145,12.635492],"faces":{"east":{"uv":[5.3105,4.627,4.627,5.8105],"tintindex":0,"rotation":0,"texture":"#0"},"south":{"uv":[5.623,1.0645,5.002,2.248],"tintindex":0,"rotation":0,"texture":"#0"},"north":{"uv":[4.3105,4.9395,3.6895,6.123],"tintindex":0,"rotation":0,"texture":"#0"},"west":{"uv":[1.5605,4.5645,0.877,5.748],"tintindex":0,"rotation":0,"texture":"#0"},"up":{"uv":[3.5645,7.5605,4.1855,6.877],"tintindex":0,"rotation":0,"texture":"#0"},"down":{"uv":[6.877,5.1895,7.498,5.873],"tintindex":0,"rotation":0,"texture":"#0"}}},{"from":[20.678783,-4.3097,1.6354923],"to":[20.678783,9.6903,12.635492],"faces":{"east":{"uv":[6.8105,1.0645,6.127,1.9355],"tintindex":0,"rotation":0,"texture":"#0"},"west":{"uv":[6.127,1.0645,6.8105,1.9355],"tintindex":0,"rotation":0,"texture":"#0"}},"rotation":{"origin":[20.678783,2.6903,7.1354923],"angle":-22.5,"axis":"z"}},{"from":[8.0,-7.5,16.270985],"to":[18.0,2.5,16.270985],"faces":{"south":{"uv":[6.8145,1.3145,7.4355,1.9355],"tintindex":0,"rotation":0,"texture":"#0"},"north":{"uv":[7.4355,1.3145,6.8145,1.9355],"tintindex":0,"rotation":0,"texture":"#0"}},"rotation":{"origin":[13.0,2.0,16.270985],"angle":22.5,"axis":"x"}},{"from":[8.0,-2.5,-2.0],"to":[18.0,7.5,-2.0],"faces":{"south":{"uv":[7.748,2.6895,7.127,3.3105],"tintindex":0,"rotation":0,"texture":"#0"},"north":{"uv":[7.127,2.6895,7.748,3.3105],"tintindex":0,"rotation":0,"texture":"#0"}},"rotation":{"origin":[13.0,7.0,-2.0],"angle":-22.5,"axis":"x"}}],"display":{"gui":{"rotation":[-150.0,-45.0,180.0]}}}