{"textures":{"0":"modelengine:entity/mega_warden_invis","particle":"#0"},"elements":[{"from":[-4.75,3.5,4.5],"to":[11.25,19.5,4.5],"faces":{"south":{"uv":[1.7763568E-15,0.0,7.4375,7.4375],"tintindex":0,"rotation":0,"texture":"#0"},"north":{"uv":[7.4375,0.0,1.7763568E-15,7.4375],"tintindex":0,"rotation":0,"texture":"#0"}},"rotation":{"origin":[0.9999995,13.0,7.75],"angle":45.0,"axis":"z"}},{"from":[-4.75,3.5,9.25],"to":[11.25,19.5,9.25],"faces":{"south":{"uv":[1.7763568E-15,0.0,7.4375,7.4375],"tintindex":0,"rotation":0,"texture":"#0"},"north":{"uv":[7.4375,0.0,1.7763568E-15,7.4375],"tintindex":0,"rotation":0,"texture":"#0"}},"rotation":{"origin":[0.9999995,13.0,7.75],"angle":45.0,"axis":"z"}},{"from":[-5.25,2.75,7.25],"to":[18.75,26.75,7.25],"faces":{"south":{"uv":[1.7763568E-15,0.0,7.4375,7.4375],"tintindex":0,"rotation":0,"texture":"#0"},"north":{"uv":[7.4375,0.0,1.7763568E-15,7.4375],"tintindex":0,"rotation":0,"texture":"#0"}},"rotation":{"origin":[0.9999995,13.0,7.75],"angle":22.5,"axis":"z"}}],"display":{"gui":{"rotation":[-150.0,-45.0,180.0]}}}