{"textures":{"6":"modelengine:entity/mega_warden_damage","particle":"#6"},"elements":[{"from":[1.9741697,3.8146973E-6,8.154323],"to":[15.974171,8.0,8.154323],"faces":{"south":{"uv":[6.8145,0.8145,7.6855,1.3105],"tintindex":0,"rotation":0,"texture":"#6"},"north":{"uv":[7.6855,0.8145,6.8145,1.3105],"tintindex":0,"rotation":0,"texture":"#6"}}}],"display":{"gui":{"rotation":[-150.0,-45.0,180.0]}}}