{"textures":{"6":"modelengine:entity/mega_warden_damage","particle":"#6"},"elements":[{"from":[-2.0,-7.5,16.270985],"to":[8.0,2.5,16.270985],"faces":{"south":{"uv":[7.4355,1.3145,6.8145,1.9355],"tintindex":0,"rotation":0,"texture":"#6"},"north":{"uv":[6.8145,1.3145,7.4355,1.9355],"tintindex":0,"rotation":0,"texture":"#6"}},"rotation":{"origin":[3.0,2.0,16.270985],"angle":22.5,"axis":"x"}},{"from":[-2.0,-6.7768555,1.6354923],"to":[8.0,12.223145,12.635492],"faces":{"east":{"uv":[0.877,4.5645,1.5605,5.748],"tintindex":0,"rotation":0,"texture":"#6"},"south":{"uv":[5.002,1.0645,5.623,2.248],"tintindex":0,"rotation":0,"texture":"#6"},"north":{"uv":[3.6895,4.9395,4.3105,6.123],"tintindex":0,"rotation":0,"texture":"#6"},"west":{"uv":[4.627,4.627,5.3105,5.8105],"tintindex":0,"rotation":0,"texture":"#6"},"up":{"uv":[4.1855,7.5605,3.5645,6.877],"tintindex":0,"rotation":0,"texture":"#6"},"down":{"uv":[7.498,5.1895,6.877,5.873],"tintindex":0,"rotation":0,"texture":"#6"}}},{"from":[-2.0,-2.5,-2.0],"to":[8.0,7.5,-2.0],"faces":{"south":{"uv":[7.127,2.6895,7.748,3.3105],"tintindex":0,"rotation":0,"texture":"#6"},"north":{"uv":[7.748,2.6895,7.127,3.3105],"tintindex":0,"rotation":0,"texture":"#6"}},"rotation":{"origin":[3.0,7.0,-2.0],"angle":-22.5,"axis":"x"}},{"from":[-4.6787834,-4.3097,1.6354923],"to":[-4.6787834,9.6903,12.635492],"faces":{"east":{"uv":[6.8105,1.0645,6.127,1.9355],"tintindex":0,"rotation":0,"texture":"#6"},"west":{"uv":[6.127,1.0645,6.8105,1.9355],"tintindex":0,"rotation":0,"texture":"#6"}},"rotation":{"origin":[-4.6787834,2.6903,7.1354923],"angle":22.5,"axis":"z"}}],"display":{"gui":{"rotation":[-150.0,-45.0,180.0]}}}