{"textures":{"0":"modelengine:entity/raven","particle":"#0"},"elements":[{"from":[6.28031,7.2380733,-0.27100468],"to":[10.01495,11.387673,4.708515],"faces":{"east":{"uv":[0.06,0.06,2.94,2.5],"tintindex":0,"rotation":0,"texture":"#0"},"south":{"uv":[6.06,3.06,8.5,5.5],"tintindex":0,"rotation":0,"texture":"#0"},"north":{"uv":[3.06,6.06,5.5,8.5],"tintindex":0,"rotation":0,"texture":"#0"},"west":{"uv":[0.06,3.06,2.94,5.5],"tintindex":0,"rotation":0,"texture":"#0"},"up":{"uv":[5.5,2.94,3.06,0.06],"tintindex":0,"rotation":0,"texture":"#0"},"down":{"uv":[5.5,3.06,3.06,5.94],"tintindex":0,"rotation":0,"texture":"#0"}},"rotation":{"origin":[8.77007,4.748313,5.538435],"angle":22.5,"axis":"x"}},{"from":[6.69527,7.1545978,8.9195385],"to":[9.59999,7.1545978,13.899058],"faces":{"up":{"uv":[6.06,8.94,7.94,6.06],"tintindex":0,"rotation":0,"texture":"#0"},"down":{"uv":[6.06,6.06,7.94,8.94],"tintindex":0,"rotation":0,"texture":"#0"}},"rotation":{"origin":[7.52519,5.9097176,11.409298],"angle":22.5,"axis":"x"}},{"from":[6.69527,5.4947577,5.5998583],"to":[9.59999,8.814438,8.9195385],"faces":{"east":{"uv":[10.06,9.06,11.94,10.94],"tintindex":0,"rotation":0,"texture":"#0"},"south":{"uv":[11.06,0.06,12.94,1.94],"tintindex":0,"rotation":0,"texture":"#0"},"north":{"uv":[10.06,7.06,11.94,8.94],"tintindex":0,"rotation":0,"texture":"#0"},"west":{"uv":[2.06,11.06,3.94,12.94],"tintindex":0,"rotation":0,"texture":"#0"},"up":{"uv":[12.94,3.94,11.06,2.06],"tintindex":0,"rotation":0,"texture":"#0"},"down":{"uv":[5.94,11.06,4.06,12.94],"tintindex":0,"rotation":0,"texture":"#0"}},"rotation":{"origin":[8.77007,5.9097176,11.409298],"angle":22.5,"axis":"x"}}],"display":{"gui":{"rotation":[-150.0,-45.0,180.0]}}}